Open,High,Low,Close,Adj Close
6.50570011138916,6.506400108337402,6.500999927520752,6.50570011138916,6.50570011138916
6.505799770355225,6.507299900054932,6.480100154876709,6.505799770355225,6.505799770355225
6.492599964141846,6.509300231933594,6.489999771118164,6.49399995803833,6.49399995803833
6.502799987792969,6.508900165557861,6.486999988555908,6.5030999183654785,6.5030999183654785
6.493199825286865,6.497099876403809,6.469399929046631,6.493299961090088,6.493299961090088
6.487400054931641,6.499800205230713,6.482999801635742,6.487500190734863,6.487500190734863
6.497399806976318,6.530700206756592,6.491199970245361,6.497600078582764,6.497600078582764
6.528800010681152,6.534200191497803,6.498199939727783,6.529399871826172,6.529399871826172
6.507500171661377,6.5177001953125,6.494900226593018,6.507199764251709,6.507199764251709
6.495299816131592,6.4984002113342285,6.447299957275391,6.490200042724609,6.490200042724609
6.458000183105469,6.460000038146973,6.417900085449219,6.456200122833252,6.456200122833252
6.436200141906738,6.442800045013428,6.414899826049805,6.435200214385986,6.435200214385986
6.442299842834473,6.446899890899658,6.415299892425537,6.442299842834473,6.442299842834473
6.432300090789795,6.439799785614014,6.418000221252441,6.43209981918335,6.43209981918335
6.4197998046875,6.422900199890137,6.381899833679199,6.420599937438965,6.420599937438965
6.40310001373291,6.408599853515625,6.394400119781494,6.4029998779296875,6.4029998779296875
6.404200077056885,6.411799907684326,6.393199920654297,6.404399871826172,6.404399871826172
6.402500152587891,6.405799865722656,6.364200115203857,6.402900218963623,6.402900218963623
6.369200229644775,6.37060022354126,6.307799816131592,6.36929988861084,6.36929988861084
6.323200225830078,6.334400177001953,6.308000087738037,6.322800159454346,6.322800159454346
6.3155999183654785,6.337299823760986,6.310200214385986,6.315899848937988,6.315899848937988
6.336100101470947,6.343599796295166,6.318600177764893,6.336299896240234,6.336299896240234
6.320199966430664,6.3308000564575195,6.28000020980835,6.321100234985352,6.321100234985352
6.2891998291015625,6.306300163269043,6.278900146484375,6.2881999015808105,6.2881999015808105
6.298799991607666,6.302800178527832,6.2683000564575195,6.298399925231934,6.298399925231934
6.308000087738037,6.3105998039245605,6.276199817657471,6.307600021362305,6.307600021362305
6.292099952697754,6.30019998550415,6.264599800109863,6.289700031280518,6.289700031280518
6.28249979019165,6.284599781036377,6.246200084686279,6.28249979019165,6.28249979019165
6.267199993133545,6.343500137329102,6.264800071716309,6.267600059509277,6.267600059509277
6.326200008392334,6.332099914550781,6.292500019073486,6.326300144195557,6.326300144195557
6.287799835205078,6.330900192260742,6.27810001373291,6.286900043487549,6.286900043487549
6.3277997970581055,6.348100185394287,6.31279993057251,6.326499938964844,6.326499938964844
6.3394999504089355,6.352099895477295,6.319900035858154,6.340000152587891,6.340000152587891
6.345600128173828,6.35099983215332,6.3383002281188965,6.3460001945495605,6.3460001945495605
6.3480000495910645,6.3516998291015625,6.339099884033203,6.3471999168396,6.3471999168396
6.343599796295166,6.350399971008301,6.333099842071533,6.340099811553955,6.340099811553955
6.347400188446045,6.352099895477295,6.3383002281188965,6.348400115966797,6.348400115966797
6.348199844360352,6.350500106811523,6.336699962615967,6.346199989318848,6.346199989318848
6.3470001220703125,6.362400054931641,6.339000225067139,6.34660005569458,6.34660005569458
6.353000164031982,6.3531999588012695,6.3302998542785645,6.350200176239014,6.350200176239014
6.336299896240234,6.337699890136719,6.297900199890137,6.327300071716309,6.327300071716309
6.314199924468994,6.31850004196167,6.288099765777588,6.3140997886657715,6.3140997886657715
6.317200183868408,6.33459997177124,6.312399864196777,6.316699981689453,6.316699981689453
6.330399990081787,6.358500003814697,6.32859992980957,6.330900192260742,6.330900192260742
6.357999801635742,6.361199855804443,6.3302998542785645,6.357399940490723,6.357399940490723
6.350299835205078,6.350299835205078,6.327000141143799,6.350299835205078,6.350299835205078
6.348599910736084,6.350599765777588,6.309299945831299,6.348899841308594,6.348899841308594
6.309599876403809,6.329500198364258,6.307400226593018,6.3094000816345215,6.3094000816345215
6.324699878692627,6.341800212860107,6.319200038909912,6.324999809265137,6.324999809265137
6.341599941253662,6.3516998291015625,6.319900035858154,6.341599941253662,6.341599941253662
6.329999923706055,6.3358001708984375,6.314300060272217,6.328499794006348,6.328499794006348
6.328400135040283,6.332699775695801,6.3119001388549805,6.329100131988525,6.329100131988525
6.320199966430664,6.322700023651123,6.306399822235107,6.320400238037109,6.320400238037109
6.314499855041504,6.323400020599365,6.30079984664917,6.315999984741211,6.315999984741211
6.320700168609619,6.333000183105469,6.3140997886657715,6.320899963378906,6.320899963378906
6.338600158691406,6.344200134277344,6.320099830627441,6.338200092315674,6.338200092315674
6.333199977874756,6.333899974822998,6.320000171661377,6.331600189208984,6.331600189208984
6.332699775695801,6.33519983291626,6.320000171661377,6.332900047302246,6.332900047302246
6.3231000900268555,6.3343000411987305,6.30709981918335,6.3206000328063965,6.3206000328063965
6.334700107574463,6.3368000984191895,6.315299987792969,6.334700107574463,6.334700107574463
6.318299770355225,6.318699836730957,6.271100044250488,6.320000171661377,6.320000171661377
6.263400077819824,6.282599925994873,6.2342000007629395,6.27239990234375,6.27239990234375
6.281799793243408,6.298299789428711,6.2581000328063965,6.281799793243408,6.281799793243408
6.2947998046875,6.304200172424316,6.277500152587891,6.295599937438965,6.295599937438965
6.288599967956543,6.289999961853027,6.263500213623047,6.288899898529053,6.288899898529053
6.283199787139893,6.296500205993652,6.274899959564209,6.282199859619141,6.282199859619141
6.279200077056885,6.29010009765625,6.279200077056885,6.279399871826172,6.279399871826172
6.288000106811523,6.309100151062012,6.280900001525879,6.288400173187256,6.288400173187256
6.301700115203857,6.307400226593018,6.30079984664917,6.304200172424316,6.304200172424316
6.304100036621094,6.308000087738037,6.301400184631348,6.3024001121521,6.3024001121521
6.306300163269043,6.316199779510498,6.294400215148926,6.308599948883057,6.308599948883057
6.306300163269043,6.307400226593018,6.279699802398682,6.3053998947143555,6.3053998947143555
6.28249979019165,6.2881999015808105,6.2683000564575195,6.281599998474121,6.281599998474121
6.267899990081787,6.292699813842773,6.2657999992370605,6.268599987030029,6.268599987030029
6.28980016708374,6.293000221252441,6.27370023727417,6.290999889373779,6.290999889373779
6.27400016784668,6.287300109863281,6.267899990081787,6.274099826812744,6.274099826812744
6.275700092315674,6.2855000495910645,6.274499893188477,6.275700092315674,6.275700092315674
6.280700206756592,6.289400100708008,6.2642998695373535,6.2804999351501465,6.2804999351501465
6.264400005340576,6.279699802398682,6.2540998458862305,6.273399829864502,6.273399829864502
6.269100189208984,6.296500205993652,6.269100189208984,6.27810001373291,6.27810001373291
6.286499977111816,6.316299915313721,6.283400058746338,6.295499801635742,6.295499801635742
6.30709981918335,6.319300174713135,6.29449987411499,6.316100120544434,6.316100120544434
6.305099964141846,6.327300071716309,6.292799949645996,6.3059000968933105,6.3059000968933105
6.325799942016602,6.336400032043457,6.313000202178955,6.324699878692627,6.324699878692627
6.335899829864502,6.3471999168396,6.326200008392334,6.335400104522705,6.335400104522705
6.334799766540527,6.336400032043457,6.323299884796143,6.336999893188477,6.336999893188477
6.3317999839782715,6.332399845123291,6.323299884796143,6.332099914550781,6.332099914550781
6.323299884796143,6.363999843597412,6.323299884796143,6.332300186157227,6.332300186157227
6.352499961853027,6.369100093841553,6.337299823760986,6.361499786376953,6.361499786376953
6.343699932098389,6.364999771118164,6.334700107574463,6.352700233459473,6.352700233459473
6.352700233459473,6.367000102996826,6.345799922943115,6.361700057983398,6.361700057983398
6.366300106048584,6.369699954986572,6.350100040435791,6.366099834442139,6.366099834442139
6.3607001304626465,6.381199836730957,6.35830020904541,6.369699954986572,6.369699954986572
6.352399826049805,6.3678998947143555,6.333000183105469,6.361400127410889,6.361400127410889
6.339200019836426,6.348199844360352,6.321499824523926,6.348199844360352,6.348199844360352
6.324100017547607,6.340199947357178,6.324100017547607,6.333099842071533,6.333099842071533
6.3292999267578125,6.378300189971924,6.3292999267578125,6.3383002281188965,6.3383002281188965
6.367800235748291,6.379000186920166,6.35860013961792,6.376800060272217,6.376800060272217
6.361499786376953,6.370500087738037,6.352200031280518,6.370500087738037,6.370500087738037
6.3572001457214355,6.379799842834473,6.3572001457214355,6.366199970245361,6.366199970245361
6.383200168609619,6.395100116729736,6.3719000816345215,6.382800102233887,6.382800102233887
6.38070011138916,6.382500171661377,6.3628997802734375,6.381100177764893,6.381100177764893
6.3649001121521,6.390600204467773,6.363999843597412,6.364200115203857,6.364200115203857
6.378499984741211,6.394000053405762,6.370999813079834,6.388800144195557,6.388800144195557
6.378600120544434,6.392000198364258,6.375699996948242,6.376399993896484,6.376399993896484
6.368500232696533,6.39900016784668,6.355800151824951,6.368599891662598,6.368599891662598
6.3892998695373535,6.421599864959717,6.3892998695373535,6.3983001708984375,6.3983001708984375
6.407599925994873,6.432600021362305,6.407599925994873,6.416600227355957,6.416600227355957
6.408999919891357,6.418000221252441,6.394800186157227,6.418000221252441,6.418000221252441
6.400300025939941,6.420899868011475,6.39769983291626,6.409299850463867,6.409299850463867
6.410399913787842,6.421999931335449,6.397600173950195,6.419400215148926,6.419400215148926
6.407100200653076,6.412300109863281,6.3942999839782715,6.4070000648498535,6.4070000648498535
6.404900074005127,6.405600070953369,6.377600193023682,6.40500020980835,6.40500020980835
6.38700008392334,6.395299911499023,6.381800174713135,6.387899875640869,6.387899875640869
6.392000198364258,6.412199974060059,6.386099815368652,6.392099857330322,6.392099857330322
6.396699905395508,6.407800197601318,6.391499996185303,6.405700206756592,6.405700206756592
6.3917999267578125,6.4079999923706055,6.391600131988525,6.391600131988525,6.391600131988525
6.402299880981445,6.407299995422363,6.3902997970581055,6.4004998207092285,6.4004998207092285
6.398099899291992,6.403800010681152,6.38070011138916,6.397299766540527,6.397299766540527
6.399899959564209,6.438899993896484,6.395999908447266,6.4045000076293945,6.4045000076293945
6.4293999671936035,6.442800045013428,6.427599906921387,6.433000087738037,6.433000087738037
6.4293999671936035,6.48390007019043,6.4293999671936035,6.438799858093262,6.438799858093262
6.48769998550415,6.488699913024902,6.4604997634887695,6.485499858856201,6.485499858856201
6.471499919891357,6.50540018081665,6.4704999923706055,6.47160005569458,6.47160005569458
6.492099761962891,6.5065999031066895,6.487599849700928,6.492099761962891,6.492099761962891
6.504000186920166,6.543499946594238,6.504000186920166,6.504300117492676,6.504300117492676
6.53000020980835,6.581699848175049,6.525300025939941,6.539000034332275,6.539000034332275
6.569300174713135,6.613800048828125,6.569300174713135,6.5782999992370605,6.5782999992370605
6.600800037384033,6.630499839782715,6.596499919891357,6.601900100708008,6.601900100708008
6.626399993896484,6.639100074768066,6.597799777984619,6.627399921417236,6.627399921417236
6.621799945831299,6.668799877166748,6.621600151062012,6.624300003051758,6.624300003051758
6.667500019073486,6.714300155639648,6.635499954223633,6.6666998863220215,6.6666998863220215
6.640200138092041,6.643400192260742,6.597799777984619,6.640999794006348,6.640999794006348
6.63129997253418,6.644700050354004,6.623600006103516,6.63129997253418,6.63129997253418
6.637800216674805,6.66480016708374,6.631999969482422,6.6367998123168945,6.6367998123168945
6.641200065612793,6.6427998542785645,6.600100040435791,6.639200210571289,6.639200210571289
6.615600109100342,6.638000011444092,6.590400218963623,6.615200042724609,6.615200042724609
6.629700183868408,6.679500102996826,6.628900051116943,6.631400108337402,6.631400108337402
6.68120002746582,6.701300144195557,6.6529998779296875,6.682799816131592,6.682799816131592
6.666100025177002,6.704400062561035,6.6508002281188965,6.665900230407715,6.665900230407715
6.694200038909912,6.70419979095459,6.661399841308594,6.6946001052856445,6.6946001052856445
6.681099891662598,6.705900192260742,6.665500164031982,6.6915998458862305,6.6915998458862305
6.706999778747559,6.723400115966797,6.687399864196777,6.7067999839782715,6.7067999839782715
6.717100143432617,6.782899856567383,6.714399814605713,6.717700004577637,6.717700004577637
6.772900104522705,6.809199810028076,6.765200138092041,6.771699905395508,6.771699905395508
6.758299827575684,6.796899795532227,6.741700172424316,6.7581000328063965,6.7581000328063965
6.7829999923706055,6.825300216674805,6.7829999923706055,6.791999816894531,6.791999816894531
6.781499862670898,6.804599761962891,6.747200012207031,6.790500164031982,6.790500164031982
6.759699821472168,6.791800022125244,6.731800079345703,6.768700122833252,6.768700122833252
6.782800197601318,6.838399887084961,6.782800197601318,6.782800197601318,6.782800197601318
6.803699970245361,6.838699817657471,6.803699970245361,6.812699794769287,6.812699794769287
6.804999828338623,6.840099811553955,6.804999828338623,6.814899921417236,6.814899921417236
6.811800003051758,6.830100059509277,6.784299850463867,6.811699867248535,6.811699867248535
6.822299957275391,6.847799777984619,6.794899940490723,6.8225998878479,6.8225998878479
6.832799911499023,6.8927001953125,6.826300144195557,6.832799911499023,6.832799911499023
6.833399772644043,6.8531999588012695,6.811399936676025,6.833199977874756,6.833199977874756
6.85290002822876,6.861199855804443,6.817699909210205,6.854100227355957,6.854100227355957
6.834499835968018,6.841000080108643,6.797999858856201,6.833600044250488,6.833600044250488
6.834799766540527,6.837900161743164,6.807000160217285,6.83519983291626,6.83519983291626
6.817200183868408,6.860000133514404,6.815499782562256,6.817200183868408,6.817200183868408
6.837200164794922,6.8902997970581055,6.837200164794922,6.846199989318848,6.846199989318848
6.890100002288818,6.892499923706055,6.872000217437744,6.889400005340576,6.889400005340576
6.884699821472168,6.933800220489502,6.881700038909912,6.884699821472168,6.884699821472168
6.924799919128418,6.933800220489502,6.880000114440918,6.933800220489502,6.933800220489502
6.872499942779541,6.892899990081787,6.858500003814697,6.881499767303467,6.881499767303467
6.876500129699707,6.8780999183654785,6.8394999504089355,6.8765997886657715,6.8765997886657715
6.847799777984619,6.85699987411499,6.8242998123168945,6.856800079345703,6.856800079345703
6.845900058746338,6.848299980163574,6.8302998542785645,6.8454999923706055,6.8454999923706055
6.841000080108643,6.877600193023682,6.8308000564575195,6.843200206756592,6.843200206756592
6.876699924468994,6.889699935913086,6.806399822235107,6.877500057220459,6.877500057220459
6.796999931335449,6.825900077819824,6.792900085449219,6.800600051879883,6.800600051879883
6.810500144958496,6.821400165557861,6.7906999588012695,6.813300132751465,6.813300132751465
6.802299976348877,6.828400135040283,6.799499988555908,6.804200172424316,6.804200172424316
6.818699836730957,6.843999862670898,6.817399978637695,6.818699836730957,6.818699836730957
6.843200206756592,6.8454999923706055,6.825099945068359,6.843100070953369,6.843100070953369
6.832399845123291,6.841400146484375,6.81279993057251,6.83459997177124,6.83459997177124
6.822800159454346,6.844099998474121,6.797500133514404,6.8221001625061035,6.8221001625061035
6.841400146484375,6.8445000648498535,6.826600074768066,6.84250020980835,6.84250020980835
6.829599857330322,6.840099811553955,6.818299770355225,6.829999923706055,6.829999923706055
6.8358001708984375,6.849100112915039,6.826200008392334,6.834400177001953,6.834400177001953
6.833799839019775,6.865300178527832,6.833799839019775,6.839099884033203,6.839099884033203
6.855100154876709,6.877500057220459,6.8520002365112305,6.855299949645996,6.855299949645996
6.872499942779541,6.878300189971924,6.851500034332275,6.8744001388549805,6.8744001388549805
6.859899997711182,6.862599849700928,6.8242998123168945,6.859899997711182,6.859899997711182
6.843599796295166,6.867400169372559,6.837100028991699,6.842899799346924,6.842899799346924
6.865799903869629,6.877500057220459,6.855100154876709,6.865600109100342,6.865600109100342
6.855899810791016,6.877799987792969,6.853400230407715,6.855500221252441,6.855500221252441
6.861000061035156,6.864999771118164,6.846499919891357,6.860199928283691,6.860199928283691
6.847099781036377,6.8566999435424805,6.831999778747559,6.84689998626709,6.84689998626709
6.845799922943115,6.860499858856201,6.829500198364258,6.845900058746338,6.845900058746338
6.856100082397461,6.85860013961792,6.842299938201904,6.8566999435424805,6.8566999435424805
6.8734002113342285,6.879799842834473,6.85230016708374,6.8734002113342285,6.8734002113342285
6.866300106048584,6.878900051116943,6.86359977722168,6.866300106048584,6.866300106048584
6.877500057220459,6.890999794006348,6.8684000968933105,6.876100063323975,6.876100063323975
6.880300045013428,6.889400005340576,6.862500190734863,6.880300045013428,6.880300045013428
6.868000030517578,6.868000030517578,6.85890007019043,6.8678998947143555,6.8678998947143555
6.85890007019043,6.8678998947143555,6.85890007019043,6.8678998947143555,6.8678998947143555
6.85890007019043,6.868000030517578,6.85890007019043,6.8678998947143555,6.8678998947143555
6.85890007019043,6.8678998947143555,6.85890007019043,6.867800235748291,6.867800235748291
6.8678998947143555,6.8678998947143555,6.8678998947143555,6.8678998947143555,6.8678998947143555
6.85890007019043,6.932300090789795,6.85890007019043,6.85890007019043,6.85890007019043
6.92080020904541,6.929800033569336,6.904099941253662,6.929800033569336,6.929800033569336
6.912799835205078,6.925099849700928,6.907299995422363,6.921800136566162,6.921800136566162
6.914299964904785,6.93179988861084,6.885799884796143,6.923299789428711,6.923299789428711
6.888599872589111,6.927999973297119,6.888599872589111,6.888599872589111,6.888599872589111
6.921500205993652,6.929100036621094,6.90880012512207,6.921199798583984,6.921199798583984
6.915800094604492,6.925000190734863,6.901299953460693,6.915900230407715,6.915900230407715
6.9019999504089355,6.928599834442139,6.9019999504089355,6.910999774932861,6.910999774932861
6.926499843597412,6.939899921417236,6.924900054931641,6.926300048828125,6.926300048828125
6.936699867248535,6.940299987792969,6.917399883270264,6.936699867248535,6.936699867248535
6.928699970245361,6.946499824523926,6.924200057983398,6.928599834442139,6.928599834442139
6.9375,6.946499824523926,6.92609977722168,6.946499824523926,6.946499824523926
6.937399864196777,6.943399906158447,6.927700042724609,6.937399864196777,6.937399864196777
6.934000015258789,6.950900077819824,6.9328999519348145,6.942999839782715,6.942999839782715
6.939000129699707,6.963200092315674,6.933499813079834,6.947999954223633,6.947999954223633
6.942500114440918,6.962299823760986,6.9415998458862305,6.942500114440918,6.942500114440918
6.951900005340576,6.969900131225586,6.951900005340576,6.951900005340576,6.951900005340576
6.96619987487793,6.976099967956543,6.9567999839782715,6.966300010681152,6.966300010681152
6.974699974060059,6.974800109863281,6.922399997711182,6.974699974060059,6.974699974060059
6.922399997711182,6.931000232696533,6.867599964141846,6.922399997711182,6.922399997711182
6.889900207519531,6.9293999671936035,6.889699935913086,6.889900207519531,6.889900207519531
6.924799919128418,6.9274001121521,6.904200077056885,6.924799919128418,6.924799919128418
6.918499946594238,6.940000057220459,6.904699802398682,6.918499946594238,6.918499946594238
6.909999847412109,6.935999870300293,6.909999847412109,6.909999847412109,6.909999847412109
6.933199882507324,6.955999851226807,6.933000087738037,6.933499813079834,6.933499813079834
6.955900192260742,6.9679999351501465,6.946800231933594,6.955900192260742,6.955900192260742
6.962500095367432,6.968800067901611,6.943699836730957,6.962500095367432,6.962500095367432
6.9552001953125,6.95550012588501,6.940499782562256,6.9552001953125,6.9552001953125
6.94950008392334,6.9496002197265625,6.928999900817871,6.94950008392334,6.94950008392334
6.938000202178955,6.951000213623047,6.929800033569336,6.938199996948242,6.938199996948242
6.936999797821045,6.943999767303467,6.927999973297119,6.936999797821045,6.936999797821045
6.940999984741211,6.945799827575684,6.927299976348877,6.940999984741211,6.940999984741211
6.944399833679199,6.948400020599365,6.921000003814697,6.944399833679199,6.944399833679199
6.926300048828125,6.936999797821045,6.916999816894531,6.926199913024902,6.926199913024902
6.93120002746582,6.948299884796143,6.921999931335449,6.931000232696533,6.931000232696533
6.947500228881836,6.947500228881836,6.926400184631348,6.947500228881836,6.947500228881836
6.930799961090088,6.952499866485596,6.930799961090088,6.930799961090088,6.930799961090088
6.950500011444092,6.956200122833252,6.942699909210205,6.9506001472473145,6.9506001472473145
6.952899932861328,6.952899932861328,6.92710018157959,6.952899932861328,6.952899932861328
6.9415998458862305,6.958899974822998,6.932499885559082,6.941500186920166,6.941500186920166
6.958000183105469,6.959499835968018,6.875999927520752,6.958000183105469,6.958000183105469
6.8821001052856445,6.882299900054932,6.821800231933594,6.882299900054932,6.882299900054932
6.836299896240234,6.868299961090088,6.8354997634887695,6.836299896240234,6.836299896240234
6.855800151824951,6.896699905395508,6.8557000160217285,6.855800151824951,6.855800151824951
6.881700038909912,6.888599872589111,6.8649001121521,6.881700038909912,6.881700038909912
6.87470006942749,6.913300037384033,6.865699768066406,6.87470006942749,6.87470006942749
6.910900115966797,6.91379976272583,6.890200138092041,6.910999774932861,6.910999774932861
6.89900016784668,6.89900016784668,6.869100093841553,6.89900016784668,6.89900016784668
6.879000186920166,6.882900238037109,6.862599849700928,6.879000186920166,6.879000186920166
6.88070011138916,6.906599998474121,6.8805999755859375,6.88070011138916,6.88070011138916
6.906599998474121,6.906700134277344,6.8856000900268555,6.906599998474121,6.906599998474121
6.896200180053711,6.899600028991699,6.881999969482422,6.896200180053711,6.896200180053711
6.894199848175049,6.8979997634887695,6.886099815368652,6.894199848175049,6.894199848175049
6.8907999992370605,6.910999774932861,6.875100135803223,6.890999794006348,6.890999794006348
6.884099960327148,6.905700206756592,6.877799987792969,6.884099960327148,6.884099960327148
6.905399799346924,6.910900115966797,6.887899875640869,6.905399799346924,6.905399799346924
6.898099899291992,6.8983001708984375,6.8755998611450195,6.898099899291992,6.898099899291992
6.8983001708984375,6.898399829864502,6.881100177764893,6.8983001708984375,6.8983001708984375
6.898099899291992,6.898399829864502,6.855599880218506,6.898099899291992,6.898099899291992
6.865300178527832,6.877500057220459,6.8445000648498535,6.865300178527832,6.865300178527832
6.877200126647949,6.877500057220459,6.877200126647949,6.877200126647949,6.877200126647949
6.877600193023682,6.877600193023682,6.873000144958496,6.877600193023682,6.877600193023682
6.877500057220459,6.878499984741211,6.843299865722656,6.877500057220459,6.877500057220459
6.861100196838379,6.881700038909912,6.861100196838379,6.861100196838379,6.861100196838379
6.870999813079834,6.870999813079834,6.854899883270264,6.871099948883057,6.871099948883057
6.8684000968933105,6.869699954986572,6.839600086212158,6.8684000968933105,6.8684000968933105
6.849999904632568,6.859799861907959,6.834199905395508,6.849999904632568,6.849999904632568
6.852200031280518,6.85230016708374,6.816400051116943,6.852200031280518,6.852200031280518
6.815700054168701,6.820899963378906,6.772500038146973,6.8155999183654785,6.8155999183654785
6.787499904632568,6.789100170135498,6.731299877166748,6.787499904632568,6.787499904632568
6.76200008392334,6.7692999839782715,6.752299785614014,6.76200008392334,6.76200008392334
6.767099857330322,6.768499851226807,6.736599922180176,6.767099857330322,6.767099857330322
6.750999927520752,6.771200180053711,6.744999885559082,6.750999927520752,6.750999927520752
6.75600004196167,6.7769999504089355,6.736499786376953,6.75600004196167,6.75600004196167
6.775400161743164,6.779699802398682,6.760000228881836,6.775400161743164,6.775400161743164
6.7778000831604,6.798399925231934,6.7778000831604,6.7778000831604,6.7778000831604
6.7972002029418945,6.809599876403809,6.791999816894531,6.797299861907959,6.797299861907959
6.807000160217285,6.807199954986572,6.775300025939941,6.807000160217285,6.807000160217285
6.790900230407715,6.796299934387207,6.768199920654297,6.790999889373779,6.790999889373779
6.787700176239014,6.7895002365112305,6.746600151062012,6.787600040435791,6.787600040435791
6.746300220489502,6.746399879455566,6.727700233459473,6.746399879455566,6.746399879455566
6.744200229644775,6.751999855041504,6.723800182342529,6.74429988861084,6.74429988861084
6.73199987411499,6.73199987411499,6.703199863433838,6.73199987411499,6.73199987411499
6.7154998779296875,6.716700077056885,6.686800003051758,6.7154998779296875,6.7154998779296875
6.69980001449585,6.743899822235107,6.690800189971924,6.69980001449585,6.69980001449585
6.743800163269043,6.743899822235107,6.734799861907959,6.743800163269043,6.743800163269043
6.743800163269043,6.743899822235107,6.734799861907959,6.743800163269043,6.743800163269043
6.743800163269043,6.743899822235107,6.734799861907959,6.734799861907959,6.734799861907959
6.74370002746582,6.743800163269043,6.734799861907959,6.743800163269043,6.743800163269043
6.743800163269043,6.743800163269043,6.742599964141846,6.743800163269043,6.743800163269043
6.743800163269043,6.791999816894531,6.743500232696533,6.743800163269043,6.743800163269043
6.791399955749512,6.792600154876709,6.760300159454346,6.791399955749512,6.791399955749512
6.7729997634887695,6.773200035095215,6.749499797821045,6.7729997634887695,6.7729997634887695
6.759399890899658,6.776199817657471,6.753799915313721,6.759399890899658,6.759399890899658
6.771200180053711,6.780099868774414,6.76200008392334,6.771200180053711,6.771200180053711
6.77209997177124,6.772500038146973,6.751500129699707,6.77209997177124,6.77209997177124
6.765699863433838,6.7789998054504395,6.7519001960754395,6.765699863433838,6.765699863433838
6.757699966430664,6.757699966430664,6.70959997177124,6.757699966430664,6.757699966430664
6.720300197601318,6.724699974060059,6.690999984741211,6.720300197601318,6.720300197601318
6.719099998474121,6.729000091552734,6.703800201416016,6.719099998474121,6.719099998474121
6.713200092315674,6.718400001525879,6.676700115203857,6.713200092315674,6.713200092315674
6.688399791717529,6.703499794006348,6.6793999671936035,6.688399791717529,6.688399791717529
6.69920015335083,6.69920015335083,6.668799877166748,6.69920015335083,6.69920015335083
6.686200141906738,6.6930999755859375,6.67140007019043,6.686200141906738,6.686200141906738
6.692800045013428,6.709099769592285,6.687900066375732,6.692999839782715,6.692999839782715
6.705399990081787,6.706200122833252,6.683499813079834,6.705399990081787,6.705399990081787
6.706200122833252,6.706600189208984,6.688399791717529,6.706299781799316,6.706299781799316
6.706500053405762,6.717299938201904,6.6975998878479,6.706600189208984,6.706600189208984
6.7108001708984375,6.714000225067139,6.696800231933594,6.710899829864502,6.710899829864502
6.714099884033203,6.7256999015808105,6.710000038146973,6.714099884033203,6.714099884033203
6.720600128173828,6.725599765777588,6.711599826812744,6.720600128173828,6.720600128173828
6.725399971008301,6.725500106811523,6.697999954223633,6.725500106811523,6.725500106811523
6.707499980926514,6.710599899291992,6.696899890899658,6.707600116729736,6.707600116729736
6.705999851226807,6.726799964904785,6.6971001625061035,6.706099987030029,6.706099987030029
6.72189998626709,6.728300094604492,6.703499794006348,6.7220001220703125,6.7220001220703125
6.712800025939941,6.716000080108643,6.701099872589111,6.712800025939941,6.712800025939941
6.703100204467773,6.718500137329102,6.7027997970581055,6.703100204467773,6.703100204467773
6.710999965667725,6.715799808502197,6.684599876403809,6.710999965667725,6.710999965667725
6.69350004196167,6.698400020599365,6.66480016708374,6.693600177764893,6.693600177764893
6.697999954223633,6.717199802398682,6.689300060272217,6.698200225830078,6.698200225830078
6.717299938201904,6.718599796295166,6.699999809265137,6.717100143432617,6.717100143432617
6.708399772644043,6.715099811553955,6.699399948120117,6.708399772644043,6.708399772644043
6.714700222015381,6.726200103759766,6.704999923706055,6.714700222015381,6.714700222015381
6.726200103759766,6.738699913024902,6.717199802398682,6.726200103759766,6.726200103759766
6.738100051879883,6.73829984664917,6.697700023651123,6.738100051879883,6.738100051879883
6.702099800109863,6.711999893188477,6.701200008392334,6.711100101470947,6.711100101470947
6.701499938964844,6.723299980163574,6.701499938964844,6.7104997634887695,6.7104997634887695
6.722300052642822,6.722400188446045,6.697299957275391,6.722400188446045,6.722400188446045
6.701399803161621,6.719299793243408,6.701399803161621,6.701399803161621,6.701399803161621
6.716700077056885,6.717700004577637,6.716400146484375,6.716599941253662,6.716599941253662
6.71750020980835,6.720399856567383,6.705599784851074,6.716899871826172,6.716899871826172
6.706399917602539,6.717800140380859,6.701099872589111,6.715400218963623,6.715400218963623
6.710899829864502,6.717400074005127,6.701700210571289,6.7108001708984375,6.7108001708984375
6.715199947357178,6.718500137329102,6.703999996185303,6.715400218963623,6.715400218963623
6.718400001525879,6.72189998626709,6.69920015335083,6.718500137329102,6.718500137329102
6.7032999992370605,6.708499908447266,6.695499897003174,6.703199863433838,6.703199863433838
6.698699951171875,6.711299896240234,6.697199821472168,6.707699775695801,6.707699775695801
6.702199935913086,6.71120023727417,6.67710018157959,6.71120023727417,6.71120023727417
6.678199768066406,6.70959997177124,6.678199768066406,6.68720006942749,6.68720006942749
6.699100017547607,6.708199977874756,6.699100017547607,6.708099842071533,6.708099842071533
6.7058000564575195,6.713099956512451,6.703000068664551,6.703400135040283,6.703400135040283
6.7083001136779785,6.726399898529053,6.708199977874756,6.708499908447266,6.708499908447266
6.71589994430542,6.724999904632568,6.7067999839782715,6.724899768829346,6.724899768829346
6.711900234222412,6.747900009155273,6.711900234222412,6.720900058746338,6.720900058746338
6.733099937438965,6.742099761962891,6.719399929046631,6.742099761962891,6.742099761962891
6.719799995422363,6.734799861907959,6.719699859619141,6.728799819946289,6.728799819946289
6.732399940490723,6.740600109100342,6.7241997718811035,6.732399940490723,6.732399940490723
6.73390007019043,6.734000205993652,6.733799934387207,6.733799934387207,6.733799934387207
6.73390007019043,6.734000205993652,6.73360013961792,6.734000205993652,6.734000205993652
6.734000205993652,6.734000205993652,6.73360013961792,6.73390007019043,6.73390007019043
6.733699798583984,6.770299911499023,6.73360013961792,6.73360013961792,6.73360013961792
6.763500213623047,6.77869987487793,6.755499839782715,6.763599872589111,6.763599872589111
6.775899887084961,6.783899784088135,6.758299827575684,6.776000022888184,6.776000022888184
6.7820000648498535,6.828800201416016,6.781899929046631,6.7820000648498535,6.7820000648498535
6.817500114440918,6.827600002288818,6.795300006866455,6.826499938964844,6.826499938964844
6.8140997886657715,6.880799770355225,6.8140997886657715,6.8231000900268555,6.8231000900268555
6.877299785614014,6.885900020599365,6.860099792480469,6.877299785614014,6.877299785614014
6.875,6.8821001052856445,6.861999988555908,6.874899864196777,6.874899864196777
6.866199970245361,6.885000228881836,6.866199970245361,6.875199794769287,6.875199794769287
6.873799800872803,6.917699813842773,6.873799800872803,6.882800102233887,6.882800102233887
6.917799949645996,6.921299934387207,6.902699947357178,6.917699813842773,6.917699813842773
6.902299880981445,6.915999889373779,6.892600059509277,6.911300182342529,6.911300182342529
6.905399799346924,6.918700218200684,6.9029998779296875,6.905399799346924,6.905399799346924
6.9004998207092285,6.913400173187256,6.8881001472473145,6.9095001220703125,6.9095001220703125
6.8902997970581055,6.8993000984191895,6.881400108337402,6.8993000984191895,6.8993000984191895
6.897200107574463,6.913000106811523,6.895699977874756,6.897200107574463,6.897200107574463
6.909200191497803,6.9166998863220215,6.904099941253662,6.90910005569458,6.90910005569458
6.913400173187256,6.91379976272583,6.891900062561035,6.913400173187256,6.913400173187256
6.891900062561035,6.912700176239014,6.891900062561035,6.900899887084961,6.900899887084961
6.894999980926514,6.908299922943115,6.894999980926514,6.904099941253662,6.904099941253662
6.893799781799316,6.913099765777588,6.893799781799316,6.9028000831604,6.9028000831604
6.907400131225586,6.913599967956543,6.895400047302246,6.907299995422363,6.907299995422363
6.899099826812744,6.916299819946289,6.899099826812744,6.908100128173828,6.908100128173828
6.908899784088135,6.908899784088135,6.908699989318848,6.908999919891357,6.908999919891357
6.908699989318848,6.934700012207031,6.908699989318848,6.90880012512207,6.90880012512207
6.929999828338623,6.930300235748291,6.901899814605713,6.930099964141846,6.930099964141846
6.901400089263916,6.921000003814697,6.901400089263916,6.910399913787842,6.910399913787842
6.916900157928467,6.921800136566162,6.908299922943115,6.916900157928467,6.916900157928467
6.9207000732421875,6.924499988555908,6.912899971008301,6.92080020904541,6.92080020904541
6.924499988555908,6.926199913024902,6.914599895477295,6.924499988555908,6.924499988555908
6.924799919128418,6.929100036621094,6.902299880981445,6.924900054931641,6.924900054931641
6.902200222015381,6.906599998474121,6.893499851226807,6.902299880981445,6.902299880981445
6.902599811553955,6.905799865722656,6.840000152587891,6.902699947357178,6.902699947357178
6.85099983215332,6.877200126647949,6.827099800109863,6.85099983215332,6.85099983215332
6.86899995803833,6.881800174713135,6.866499900817871,6.868899822235107,6.868899822235107
6.876100063323975,6.883500099182129,6.861700057983398,6.876100063323975,6.876100063323975
6.869800090789795,6.890900135040283,6.8628997802734375,6.878799915313721,6.878799915313721
6.870100021362305,6.882900238037109,6.8694000244140625,6.8790998458862305,6.8790998458862305
6.875999927520752,6.877600193023682,6.855100154876709,6.867099761962891,6.867099761962891
6.856800079345703,6.867000102996826,6.831600189208984,6.865799903869629,6.865799903869629
6.8506999015808105,6.881899833679199,6.844900131225586,6.850800037384033,6.850800037384033
6.8628997802734375,6.8917999267578125,6.8628997802734375,6.872000217437744,6.872000217437744
6.880199909210205,6.880199909210205,6.8607001304626465,6.880199909210205,6.880199909210205
6.861599922180176,6.892600059509277,6.861599922180176,6.87060022354126,6.87060022354126
6.892600059509277,6.893899917602539,6.86959981918335,6.892600059509277,6.892600059509277
6.8719000816345215,6.888400077819824,6.8719000816345215,6.880899906158447,6.880899906158447
6.887599945068359,6.888199806213379,6.871699810028076,6.888299942016602,6.888299942016602
6.872200012207031,6.873499870300293,6.855500221252441,6.872200012207031,6.872200012207031
6.860199928283691,6.880799770355225,6.860199928283691,6.869200229644775,6.869200229644775
6.870800018310547,6.88129997253418,6.864299774169922,6.879799842834473,6.879799842834473
6.876800060272217,6.878399848937988,6.863999843597412,6.8769001960754395,6.8769001960754395
6.866300106048584,6.8821001052856445,6.866300106048584,6.87529993057251,6.87529993057251
6.872700214385986,6.880099773406982,6.866199970245361,6.872799873352051,6.872799873352051
6.870100021362305,6.88070011138916,6.863900184631348,6.8790998458862305,6.8790998458862305
6.88100004196167,6.881400108337402,6.868100166320801,6.881100177764893,6.881100177764893
6.880199909210205,6.8831000328063965,6.868800163269043,6.880099773406982,6.880099773406982
6.869200229644775,6.882299900054932,6.863100051879883,6.878300189971924,6.878300189971924
6.862500190734863,6.8755998611450195,6.862500190734863,6.871500015258789,6.871500015258789
6.862599849700928,6.88040018081665,6.862599849700928,6.871600151062012,6.871600151062012
6.869200229644775,6.893700122833252,6.869200229644775,6.878200054168701,6.878200054168701
6.892399787902832,6.892399787902832,6.870200157165527,6.892399787902832,6.892399787902832
6.874499797821045,6.88700008392334,6.871200084686279,6.883600234985352,6.883600234985352
6.883500099182129,6.902599811553955,6.883399963378906,6.883399963378906,6.883399963378906
6.89769983291626,6.943299770355225,6.89769983291626,6.897799968719482,6.897799968719482
6.939300060272217,7.051599979400635,6.939300060272217,6.939199924468994,6.939199924468994
7.049799919128418,7.057199954986572,7.009500026702881,7.049699783325195,7.049699783325195
7.025599956512451,7.063700199127197,7.0254998207092285,7.025599956512451,7.025599956512451
7.05019998550415,7.059599876403809,7.027699947357178,7.059100151062012,7.059100151062012
7.044300079345703,7.061399936676025,7.03879976272583,7.044300079345703,7.044300079345703
7.061399936676025,7.068999767303467,7.047900199890137,7.061500072479248,7.061500072479248
7.0482001304626465,7.06790018081665,7.0335001945495605,7.057199954986572,7.057199954986572
7.0335001945495605,7.045899868011475,7.004499912261963,7.0335001945495605,7.0335001945495605
7.014500141143799,7.042099952697754,7.014500141143799,7.023499965667725,7.023499965667725
7.02400016784668,7.0447998046875,7.02400016784668,7.02400016784668,7.02400016784668
7.041900157928467,7.050099849700928,7.036300182342529,7.041900157928467,7.041900157928467
7.040800094604492,7.063600063323975,7.040800094604492,7.049799919128418,7.049799919128418
7.059500217437744,7.065499782562256,7.044099807739258,7.059599876403809,7.059599876403809
7.062300205230713,7.092299938201904,7.06220006942749,7.062399864196777,7.062399864196777
7.082600116729736,7.097599983215332,7.0742998123168945,7.082699775695801,7.082699775695801
7.09499979019165,7.151500225067139,7.09499979019165,7.09499979019165,7.09499979019165
7.150400161743164,7.168099880218506,7.144700050354004,7.150300025939941,7.150300025939941
7.161300182342529,7.166500091552734,7.147500038146973,7.161399841308594,7.161399841308594
7.164400100708008,7.1691999435424805,7.131899833679199,7.155300140380859,7.155300140380859
7.143499851226807,7.155700206756592,7.13730001449585,7.143599987030029,7.143599987030029
7.155799865722656,7.172500133514404,7.150000095367432,7.155700206756592,7.155700206756592
7.1620001792907715,7.183899879455566,7.1620001792907715,7.171000003814697,7.171000003814697
7.1778998374938965,7.179900169372559,7.137499809265137,7.177999973297119,7.177999973297119
7.145100116729736,7.154300212860107,7.1153998374938965,7.145100116729736,7.145100116729736
7.147799968719482,7.1539998054504395,7.105299949645996,7.14769983291626,7.14769983291626
7.1057000160217285,7.133800029754639,7.1057000160217285,7.114699840545654,7.114699840545654
7.120999813079834,7.121200084686279,7.0980000495910645,7.121099948883057,7.121099948883057
7.102700233459473,7.121399879455566,7.099599838256836,7.111700057983398,7.111700057983398
7.106800079345703,7.118199825286865,7.060800075531006,7.115799903869629,7.115799903869629
7.078400135040283,7.078499794006348,7.078400135040283,7.078400135040283,7.078400135040283
7.078499794006348,7.078499794006348,7.055799961090088,7.078400135040283,7.078400135040283
7.066299915313721,7.096099853515625,7.066299915313721,7.066400051116943,7.066400051116943
7.081900119781494,7.09089994430542,7.076300144195557,7.09089994430542,7.09089994430542
7.076000213623047,7.103799819946289,7.076000213623047,7.085000038146973,7.085000038146973
7.086599826812744,7.09630012512207,7.072999954223633,7.095600128173828,7.095600128173828
7.081600189208984,7.127500057220459,7.081600189208984,7.09060001373291,7.09060001373291
7.117499828338623,7.11959981918335,7.0945000648498535,7.117599964141846,7.117599964141846
7.115499973297119,7.133900165557861,7.103600025177002,7.115499973297119,7.115499973297119
7.121799945831299,7.134200096130371,7.113399982452393,7.130799770355225,7.130799770355225
7.122600078582764,7.137400150299072,7.111499786376953,7.1315999031066895,7.1315999031066895
7.112800121307373,7.14739990234375,7.112800121307373,7.121799945831299,7.121799945831299
7.138400077819824,7.147500038146973,7.138400077819824,7.147500038146973,7.147500038146973
7.14739990234375,7.147600173950195,7.138400077819824,7.14739990234375,7.14739990234375
7.147600173950195,7.147600173950195,7.138400077819824,7.147600173950195,7.147600173950195
7.14739990234375,7.147500038146973,7.14739990234375,7.147500038146973,7.147500038146973
7.147500038146973,7.147500038146973,7.14739990234375,7.14739990234375,7.14739990234375
7.147500038146973,7.152299880981445,7.114799976348877,7.14739990234375,7.14739990234375
7.143400192260742,7.148900032043457,7.113800048828125,7.143499851226807,7.143499851226807
7.131400108337402,7.131400108337402,7.093500137329102,7.131400108337402,7.131400108337402
7.1153998374938965,7.115499973297119,7.083700180053711,7.115499973297119,7.115499973297119
7.086999893188477,7.087399959564209,7.049799919128418,7.087200164794922,7.087200164794922
7.0665998458862305,7.082300186157227,7.0584001541137695,7.0665998458862305,7.0665998458862305
7.071800231933594,7.101900100708008,7.071800231933594,7.0808000564575195,7.0808000564575195
7.092599868774414,7.099800109863281,7.064499855041504,7.092700004577637,7.092700004577637
7.067399978637695,7.086599826812744,7.063300132751465,7.076399803161621,7.076399803161621
7.0808000564575195,7.082900047302246,7.0630998611450195,7.080699920654297,7.080699920654297
7.066299915313721,7.081900119781494,7.065800189971924,7.066299915313721,7.066299915313721
7.076099872589111,7.085100173950195,7.060500144958496,7.076200008392334,7.076200008392334
7.055600166320801,7.0721001625061035,7.0524001121521,7.064599990844727,7.064599990844727
7.067999839782715,7.07480001449585,7.058300018310547,7.0680999755859375,7.0680999755859375
7.064700126647949,7.067999839782715,7.055200099945068,7.064700126647949,7.064700126647949
7.06689977645874,7.06689977645874,7.0472002029418945,7.06689977645874,7.06689977645874
7.064899921417236,7.065800189971924,7.044899940490723,7.064899921417236,7.064899921417236
7.0543999671936035,7.055099964141846,7.0295000076293945,7.0543999671936035,7.0543999671936035
7.0381999015808105,7.045000076293945,7.028900146484375,7.0381999015808105,7.0381999015808105
7.036399841308594,7.036499977111816,7.015999794006348,7.036399841308594,7.036399841308594
7.029399871826172,7.029399871826172,6.980100154876709,7.029399871826172,7.029399871826172
7.008800029754639,7.014100074768066,6.982600212097168,7.008800029754639,7.008800029754639
6.997200012207031,7.019100189208984,6.9629998207092285,6.997200012207031,6.997200012207031
6.994800090789795,7.010499954223633,6.986100196838379,6.994999885559082,6.994999885559082
7.0096001625061035,7.0096001625061035,6.993800163269043,7.0096001625061035,7.0096001625061035
7.006800174713135,7.022600173950195,7.006800174713135,7.006800174713135,7.006800174713135
7.022600173950195,7.022799968719482,7.0117998123168945,7.022600173950195,7.022600173950195
7.019800186157227,7.027299880981445,6.993299961090088,7.019800186157227,7.019800186157227
7.007400035858154,7.027200222015381,7.002200126647949,7.007299900054932,7.007299900054932
7.025000095367432,7.027699947357178,7.015600204467773,7.025000095367432,7.025000095367432
7.026800155639648,7.036900043487549,7.019599914550781,7.026800155639648,7.026800155639648
7.034999847412109,7.043700218200684,7.0183000564575195,7.034999847412109,7.034999847412109
7.028200149536133,7.041200160980225,7.024400234222412,7.028200149536133,7.028200149536133
7.038300037384033,7.038599967956543,7.023600101470947,7.038300037384033,7.038300037384033
7.0355000495910645,7.040599822998047,7.022600173950195,7.0355000495910645,7.0355000495910645
7.03249979019165,7.032599925994873,7.0142998695373535,7.03249979019165,7.03249979019165
7.027900218963623,7.034599781036377,7.017899990081787,7.027900218963623,7.027900218963623
7.03439998626709,7.03439998626709,7.018099784851074,7.03439998626709,7.03439998626709
7.031499862670898,7.043499946594238,7.025899887084961,7.031499862670898,7.031499862670898
7.038300037384033,7.061399936676025,7.034999847412109,7.038300037384033,7.038300037384033
7.060200214385986,7.072700023651123,7.045199871063232,7.060200214385986,7.060200214385986
7.048900127410889,7.055699825286865,7.038700103759766,7.048900127410889,7.048900127410889
7.043799877166748,7.043900012969971,7.021599769592285,7.043799877166748,7.043799877166748
7.034299850463867,7.042300224304199,7.029900074005127,7.034299850463867,7.034299850463867
7.0381999015808105,7.040200233459473,7.028299808502197,7.0381999015808105,7.0381999015808105
7.033299922943115,7.039700031280518,7.02839994430542,7.033299922943115,7.033299922943115
7.037799835205078,7.037899971008301,7.019400119781494,7.037799835205078,7.037799835205078
7.019499778747559,7.019499778747559,6.960100173950195,7.019499778747559,7.019499778747559
6.97189998626709,6.994200229644775,6.971700191497803,6.97189998626709,6.97189998626709
6.981599807739258,7.001800060272217,6.981599807739258,6.981599807739258,6.981599807739258
6.996200084686279,7.007199764251709,6.992300033569336,6.996200084686279,6.996200084686279
7.004000186920166,7.009500026702881,6.990600109100342,7.004000186920166,7.004000186920166
7.009399890899658,7.014800071716309,6.995699882507324,7.009399890899658,7.009399890899658
7.00570011138916,7.013000011444092,7.001399993896484,7.00570011138916,7.00570011138916
7.0117998123168945,7.0131001472473145,6.996699810028076,7.0117998123168945,7.0117998123168945
7.006400108337402,7.0071001052856445,6.981500148773193,7.006400108337402,7.006400108337402
6.98829984664917,7.001800060272217,6.985400199890137,6.98829984664917,6.98829984664917
6.996300220489502,7.000100135803223,6.98859977722168,6.996300220489502,6.996300220489502
6.994800090789795,6.994800090789795,6.976799964904785,6.994800090789795,6.994800090789795
6.9857001304626465,6.985899925231934,6.957499980926514,6.9857001304626465,6.9857001304626465
6.962299823760986,6.962299823760986,6.962200164794922,6.962299823760986,6.962299823760986
6.962200164794922,6.9730000495910645,6.959799766540527,6.962200164794922,6.962200164794922
6.963399887084961,6.974400043487549,6.959099769592285,6.963399887084961,6.963399887084961
6.9644999504089355,6.977499961853027,6.9644999504089355,6.9644999504089355,6.9644999504089355
6.9745001792907715,6.974999904632568,6.930799961090088,6.9745001792907715,6.9745001792907715
6.944399833679199,6.953000068664551,6.93149995803833,6.944399833679199,6.944399833679199
6.945199966430664,6.951600074768066,6.945099830627441,6.945199966430664,6.945199966430664
6.951700210571289,6.955999851226807,6.909299850463867,6.951700210571289,6.951700210571289
6.909299850463867,6.9141998291015625,6.883699893951416,6.909299850463867,6.909299850463867
6.8927001953125,6.900300025939941,6.86460018157959,6.8927001953125,6.8927001953125
6.900400161743164,6.900400161743164,6.882800102233887,6.900300025939941,6.900300025939941
6.889800071716309,6.890699863433838,6.870100021362305,6.889800071716309,6.889800071716309
6.8780999183654785,6.8780999183654785,6.85260009765625,6.8780999183654785,6.8780999183654785
6.858699798583984,6.865900039672852,6.839799880981445,6.858699798583984,6.858699798583984
6.865799903869629,6.9079999923706055,6.865799903869629,6.865799903869629,6.865799903869629
6.904799938201904,6.916200160980225,6.888000011444092,6.904799938201904,6.904799938201904
6.905700206756592,6.935699939727783,6.905700206756592,6.905700206756592,6.905700206756592
6.9355998039245605,6.935699939727783,6.9355998039245605,6.9355998039245605,6.9355998039245605
6.935699939727783,6.935699939727783,6.935200214385986,6.935699939727783,6.935699939727783
6.935699939727783,6.935800075531006,6.935699939727783,6.935699939727783,6.935699939727783
6.935699939727783,6.935800075531006,6.935699939727783,6.935699939727783,6.935699939727783
6.935699939727783,6.935800075531006,6.935699939727783,6.935699939727783,6.935699939727783
6.935699939727783,6.935800075531006,6.935699939727783,6.935699939727783,6.935699939727783
6.935699939727783,7.024600028991699,6.9355998039245605,6.935699939727783,6.935699939727783
7.020599842071533,7.023200035095215,6.982800006866455,7.020599842071533,7.020599842071533
6.997499942779541,7.005799770355225,6.969099998474121,6.997499942779541,6.997499942779541
6.972799777984619,6.981200218200684,6.952099800109863,6.972799777984619,6.972799777984619
6.969799995422363,7.001399993896484,6.969799995422363,6.969799995422363,6.969799995422363
7.0005998611450195,7.001299858093262,6.973599910736084,7.0005998611450195,7.0005998611450195
6.983500003814697,6.983500003814697,6.961599826812744,6.983500003814697,6.983500003814697
6.964900016784668,6.975299835205078,6.9583001136779785,6.964900016784668,6.964900016784668
6.9710001945495605,6.984399795532227,6.968599796295166,6.9710001945495605,6.9710001945495605
6.976399898529053,6.987100124359131,6.9720001220703125,6.976399898529053,6.976399898529053
6.986100196838379,6.986100196838379,6.970300197601318,6.986100196838379,6.986100196838379
6.979300022125244,7.005899906158447,6.979100227355957,6.979300022125244,6.979300022125244
6.996200084686279,7.00629997253418,6.983500003814697,6.996200084686279,6.996200084686279
6.997200012207031,7.024700164794922,6.997200012207031,6.997200012207031,6.997200012207031
7.02239990234375,7.041500091552734,7.019100189208984,7.02239990234375,7.02239990234375
7.026100158691406,7.036399841308594,7.021100044250488,7.026199817657471,7.026199817657471
7.02839994430542,7.036499977111816,7.003300189971924,7.02839994430542,7.02839994430542
7.036399841308594,7.04010009765625,7.009399890899658,7.036399841308594,7.036399841308594
7.03980016708374,7.041500091552734,6.999800205230713,7.03980016708374,7.03980016708374
7.003499984741211,7.011199951171875,6.973800182342529,7.003499984741211,7.003499984741211
6.991000175476074,7.000100135803223,6.951600074768066,6.990900039672852,6.990900039672852
6.999800205230713,6.999899864196777,6.960100173950195,6.999800205230713,6.999800205230713
6.960999965667725,6.967100143432617,6.913300037384033,6.960999965667725,6.960999965667725
6.965400218963623,6.96560001373291,6.925600051879883,6.965400218963623,6.965400218963623
6.935999870300293,6.9567999839782715,6.918000221252441,6.935999870300293,6.935999870300293
6.931099891662598,6.9527997970581055,6.921599864959717,6.931099891662598,6.931099891662598
6.9456000328063965,6.959199905395508,6.927499771118164,6.9456000328063965,6.9456000328063965
6.955599784851074,6.9633002281188965,6.94320011138916,6.955599784851074,6.955599784851074
6.95959997177124,7.035200119018555,6.959400177001953,6.95959997177124,6.95959997177124
7.028600215911865,7.031899929046631,6.968900203704834,7.028600215911865,7.028600215911865
7.007199764251709,7.022500038146973,6.991799831390381,7.007199764251709,7.007199764251709
6.992700099945068,7.022200107574463,6.981900215148926,6.992700099945068,6.992700099945068
7.006199836730957,7.046800136566162,7.002500057220459,7.006199836730957,7.006199836730957
7.04640007019043,7.124599933624268,7.045300006866455,7.04640007019043,7.04640007019043
7.107699871063232,7.107699871063232,7.051799774169922,7.107699871063232,7.107699871063232
7.094900131225586,7.12060022354126,7.079400062561035,7.094799995422363,7.094799995422363
7.091300010681152,7.091300010681152,7.055799961090088,7.091300010681152,7.091300010681152
7.061999797821045,7.115799903869629,7.0472002029418945,7.061999797821045,7.061999797821045
7.113500118255615,7.119999885559082,7.070099830627441,7.113500118255615,7.113500118255615
7.0731000900268555,7.096700191497803,7.053999900817871,7.0731000900268555,7.0731000900268555
7.095300197601318,7.10290002822876,7.082399845123291,7.095300197601318,7.095300197601318
7.0991997718811035,7.099699974060059,7.072500228881836,7.0991997718811035,7.0991997718811035
7.081399917602539,7.105400085449219,7.0802001953125,7.081399917602539,7.081399917602539
7.099299907684326,7.106100082397461,7.082900047302246,7.099299907684326,7.099299907684326
7.083199977874756,7.097799777984619,7.07889986038208,7.083199977874756,7.083199977874756
7.091300010681152,7.0914998054504395,7.09119987487793,7.091300010681152,7.091300010681152
7.091300010681152,7.091599941253662,7.035799980163574,7.091300010681152,7.091300010681152
7.0447998046875,7.0690999031066895,7.0447998046875,7.0447998046875,7.0447998046875
7.064899921417236,7.072000026702881,7.031000137329102,7.064899921417236,7.064899921417236
7.042200088500977,7.04610013961792,7.028800010681152,7.042200088500977,7.042200088500977
7.035099983215332,7.054800033569336,7.035099983215332,7.035099983215332,7.035099983215332
7.051599979400635,7.061699867248535,7.04010009765625,7.051599979400635,7.051599979400635
7.048099994659424,7.066500186920166,7.042799949645996,7.048299789428711,7.048299789428711
7.066500186920166,7.081999778747559,7.063199996948242,7.066500186920166,7.066500186920166
7.078800201416016,7.080900192260742,7.06220006942749,7.078800201416016,7.078800201416016
7.072199821472168,7.081500053405762,7.063600063323975,7.072199821472168,7.072199821472168
7.072400093078613,7.085400104522705,7.070499897003174,7.072400093078613,7.072400093078613
7.070799827575684,7.089700222015381,7.070700168609619,7.070799827575684,7.070799827575684
7.083099842071533,7.0854997634887695,7.056700229644775,7.083099842071533,7.083099842071533
7.065199851989746,7.086100101470947,7.065199851989746,7.065199851989746,7.065199851989746
7.080900192260742,7.088200092315674,7.0721001625061035,7.080900192260742,7.080900192260742
7.085299968719482,7.089099884033203,7.073999881744385,7.085299968719482,7.085299968719482
7.078100204467773,7.079899787902832,7.063899993896484,7.078100204467773,7.078100204467773
7.075399875640869,7.082099914550781,7.041200160980225,7.075399875640869,7.075399875640869
7.061299800872803,7.061399936676025,7.061299800872803,7.061299800872803,7.061299800872803
7.061500072479248,7.061500072479248,7.052199840545654,7.061500072479248,7.061500072479248
7.061500072479248,7.061600208282471,7.061200141906738,7.061500072479248,7.061500072479248
7.061500072479248,7.104800224304199,7.061399936676025,7.061500072479248,7.061500072479248
7.103600025177002,7.106200218200684,7.07919979095459,7.103600025177002,7.103600025177002
7.083799839019775,7.08489990234375,7.061600208282471,7.083799839019775,7.083799839019775
7.0731000900268555,7.097899913787842,7.071599960327148,7.0731000900268555,7.0731000900268555
7.0980000495910645,7.098599910736084,7.078700065612793,7.0980000495910645,7.0980000495910645
7.082099914550781,7.095099925994873,7.079800128936768,7.082099914550781,7.082099914550781
7.091300010681152,7.101799964904785,7.087500095367432,7.091300010681152,7.091300010681152
7.094699859619141,7.108500003814697,7.088399887084961,7.094699859619141,7.094699859619141
7.101200103759766,7.118500232696533,7.101099967956543,7.101200103759766,7.101200103759766
7.10860013961792,7.111400127410889,7.095799922943115,7.10860013961792,7.10860013961792
7.098199844360352,7.108099937438965,7.083499908447266,7.098199844360352,7.098199844360352
7.09250020980835,7.114200115203857,7.086400032043457,7.09250020980835,7.09250020980835
7.114299774169922,7.142499923706055,7.10830020904541,7.114299774169922,7.114299774169922
7.12939977645874,7.141900062561035,7.126500129699707,7.12939977645874,7.12939977645874
7.135700225830078,7.13700008392334,7.125500202178955,7.135700225830078,7.135700225830078
7.134099960327148,7.1768999099731445,7.133999824523926,7.134099960327148,7.134099960327148
7.168300151824951,7.168499946594238,7.1433000564575195,7.1682000160217285,7.1682000160217285
7.145199775695801,7.153200149536133,7.131499767303467,7.145199775695801,7.145199775695801
7.136300086975098,7.138299942016602,7.109899997711182,7.136300086975098,7.136300086975098
7.126699924468994,7.126999855041504,7.098100185394287,7.126699924468994,7.126699924468994
7.099899768829346,7.124800205230713,7.094200134277344,7.099899768829346,7.099899768829346
7.114699840545654,7.12939977645874,7.100299835205078,7.114699840545654,7.114699840545654
7.109300136566162,7.11359977722168,7.072400093078613,7.1092000007629395,7.1092000007629395
7.080999851226807,7.089700222015381,7.059999942779541,7.080999851226807,7.080999851226807
7.070300102233887,7.0894999504089355,7.065700054168701,7.070300102233887,7.070300102233887
7.076300144195557,7.082900047302246,7.048299789428711,7.076300144195557,7.076300144195557
7.059999942779541,7.074100017547607,7.048299789428711,7.059999942779541,7.059999942779541
7.0640997886657715,7.086100101470947,7.061999797821045,7.0640997886657715,7.0640997886657715
7.082399845123291,7.097099781036377,7.082300186157227,7.082399845123291,7.082399845123291
7.090799808502197,7.091000080108643,7.066999912261963,7.090799808502197,7.090799808502197
7.085599899291992,7.0954999923706055,7.083600044250488,7.085999965667725,7.085999965667725
7.084499835968018,7.092299938201904,7.068699836730957,7.084499835968018,7.084499835968018
7.088399887084961,7.090400218963623,7.0640997886657715,7.088399887084961,7.088399887084961
7.071300029754639,7.0802998542785645,7.065700054168701,7.071300029754639,7.071300029754639
7.067399978637695,7.081099987030029,7.057199954986572,7.067399978637695,7.067399978637695
7.057400226593018,7.077000141143799,7.05109977722168,7.057400226593018,7.057400226593018
7.077199935913086,7.077199935913086,7.077099800109863,7.077199935913086,7.077199935913086
7.077199935913086,7.077400207519531,7.077199935913086,7.077199935913086,7.077199935913086
7.077199935913086,7.0802998542785645,7.065800189971924,7.077199935913086,7.077199935913086
7.079599857330322,7.0802998542785645,7.058000087738037,7.079599857330322,7.079599857330322
7.0644001960754395,7.071000099182129,7.051700115203857,7.0644001960754395,7.0644001960754395
7.070099830627441,7.070199966430664,7.057600021362305,7.070099830627441,7.070099830627441
7.065499782562256,7.06850004196167,7.056300163269043,7.065499782562256,7.065499782562256
7.065400123596191,7.065400123596191,7.012400150299072,7.065400123596191,7.065400123596191
7.017300128936768,7.025199890136719,7.002999782562256,7.017300128936768,7.017300128936768
7.012899875640869,7.0229997634887695,6.997099876403809,7.012899875640869,7.012899875640869
7.003499984741211,7.003600120544434,6.976200103759766,7.003499984741211,7.003499984741211
6.993100166320801,7.011199951171875,6.993000030517578,6.993100166320801,6.993100166320801
6.992000102996826,7.003399848937988,6.988699913024902,6.992000102996826,6.992000102996826
6.996399879455566,7.006999969482422,6.993899822235107,6.996399879455566,6.996399879455566
6.995800018310547,7.006499767303467,6.982500076293945,6.995800018310547,6.995800018310547
6.987800121307373,6.999199867248535,6.980800151824951,6.987800121307373,6.987800121307373
6.9882001876831055,7.0030999183654785,6.9882001876831055,6.9882001876831055,6.9882001876831055
6.991199970245361,7.0,6.977499961853027,6.991199970245361,6.991199970245361
6.9822998046875,6.9944000244140625,6.974599838256836,6.9822998046875,6.9822998046875
6.979700088500977,7.01200008392334,6.962200164794922,6.979700088500977,6.979700088500977
6.998700141906738,7.012499809265137,6.9847002029418945,6.998700141906738,6.998700141906738
7.0030999183654785,7.02239990234375,6.997700214385986,7.0030999183654785,7.0030999183654785
7.01609992980957,7.016300201416016,6.9878997802734375,7.01609992980957,7.01609992980957
6.993199825286865,7.008500099182129,6.981200218200684,6.993199825286865,6.993199825286865
6.99970006942749,7.004199981689453,6.98799991607666,6.99970006942749,6.99970006942749
7.00029993057251,7.007999897003174,6.991799831390381,7.00029993057251,7.00029993057251
7.007299900054932,7.007900238037109,6.965700149536133,7.007299900054932,7.007299900054932
6.9741997718811035,6.984399795532227,6.964399814605713,6.9741997718811035,6.9741997718811035
6.979400157928467,6.985799789428711,6.971499919891357,6.979400157928467,6.979400157928467
6.972700119018555,6.972799777984619,6.935100078582764,6.972700119018555,6.972700119018555
6.934599876403809,6.952499866485596,6.932700157165527,6.934599876403809,6.934599876403809
6.952400207519531,6.972599983215332,6.947400093078613,6.952400207519531,6.952400207519531
6.9670000076293945,6.971099853515625,6.957099914550781,6.9670000076293945,6.9670000076293945
6.9608001708984375,6.961100101470947,6.934199810028076,6.9608001708984375,6.9608001708984375
6.945300102233887,6.956099987030029,6.931000232696533,6.945300102233887,6.945300102233887
6.936200141906738,6.946599960327148,6.927299976348877,6.936200141906738,6.936200141906738
6.943600177764893,6.9527997970581055,6.940000057220459,6.943600177764893,6.943600177764893
6.949399948120117,6.949399948120117,6.922900199890137,6.949399948120117,6.949399948120117
6.93179988861084,6.933700084686279,6.9105000495910645,6.93179988861084,6.93179988861084
6.92080020904541,6.921299934387207,6.898099899291992,6.92080020904541,6.92080020904541
6.9191999435424805,6.9268999099731445,6.909900188446045,6.9191999435424805,6.9191999435424805
6.91480016708374,6.924600124359131,6.899199962615967,6.91480016708374,6.91480016708374
6.918499946594238,6.9197998046875,6.902500152587891,6.918499946594238,6.918499946594238
6.918900012969971,6.918900012969971,6.899799823760986,6.918900012969971,6.918900012969971
6.911900043487549,6.912199974060059,6.885000228881836,6.911900043487549,6.911900043487549
6.884900093078613,6.891200065612793,6.869500160217285,6.884900093078613,6.884900093078613
6.889200210571289,6.8892998695373535,6.856500148773193,6.889200210571289,6.889200210571289
6.8643999099731445,6.8643999099731445,6.834499835968018,6.8643999099731445,6.8643999099731445
6.847700119018555,6.848100185394287,6.809999942779541,6.847700119018555,6.847700119018555
6.827499866485596,6.8379998207092285,6.819499969482422,6.827499866485596,6.827499866485596
6.837299823760986,6.847799777984619,6.823999881744385,6.837299823760986,6.837299823760986
6.845799922943115,6.845799922943115,6.82919979095459,6.845799922943115,6.845799922943115
6.8414998054504395,6.8414998054504395,6.821199893951416,6.8414998054504395,6.8414998054504395
6.829500198364258,6.849999904632568,6.823999881744385,6.829500198364258,6.829500198364258
6.845099925994873,6.854899883270264,6.826900005340576,6.845099925994873,6.845099925994873
6.8317999839782715,6.841400146484375,6.819799900054932,6.8317999839782715,6.8317999839782715
6.8333001136779785,6.838099956512451,6.826700210571289,6.8333001136779785,6.8333001136779785
6.833399772644043,6.833399772644043,6.8078999519348145,6.833399772644043,6.833399772644043
6.809100151062012,6.809500217437744,6.765999794006348,6.809100151062012,6.809100151062012
6.780300140380859,6.780799865722656,6.7469000816345215,6.780300140380859,6.780300140380859
6.753699779510498,6.778600215911865,6.751200199127197,6.753699779510498,6.753699779510498
6.764100074768066,6.775400161743164,6.741799831390381,6.764100074768066,6.764100074768066
6.76800012588501,6.8043999671936035,6.756100177764893,6.76800012588501,6.76800012588501
6.803699970245361,6.804200172424316,6.763400077819824,6.803699970245361,6.803699970245361
6.77839994430542,6.811999797821045,6.777100086212158,6.77839994430542,6.77839994430542
6.808899879455566,6.832499980926514,6.808700084686279,6.808899879455566,6.808899879455566
6.827700138092041,6.832099914550781,6.809100151062012,6.827700138092041,6.827700138092041
6.822800159454346,6.826700210571289,6.801400184631348,6.822800159454346,6.822800159454346
6.810800075531006,6.826399803161621,6.807600021362305,6.810800075531006,6.810800075531006
6.815400123596191,6.816199779510498,6.789000034332275,6.815400123596191,6.815400123596191
6.789700031280518,6.789999961853027,6.789299964904785,6.789700031280518,6.789700031280518
6.789400100708008,6.78980016708374,6.789299964904785,6.789400100708008,6.789400100708008
6.78980016708374,6.78980016708374,6.789700031280518,6.78980016708374,6.78980016708374
6.78980016708374,6.789999961853027,6.7895002365112305,6.78980016708374,6.78980016708374
6.78980016708374,6.789999961853027,6.789299964904785,6.78980016708374,6.78980016708374
6.789700031280518,6.78980016708374,6.7891998291015625,6.789700031280518,6.789700031280518
6.7891998291015625,6.789700031280518,6.692299842834473,6.7891998291015625,6.7891998291015625
6.693699836730957,6.753300189971924,6.693600177764893,6.693699836730957,6.693699836730957
6.744999885559082,6.759500026702881,6.726099967956543,6.7444000244140625,6.7444000244140625
6.745500087738037,6.746399879455566,6.705900192260742,6.745500087738037,6.745500087738037
6.713600158691406,6.734000205993652,6.7104997634887695,6.713600158691406,6.713600158691406
6.723899841308594,6.724599838256836,6.691400051116943,6.723899841308594,6.723899841308594
6.696599960327148,6.702400207519531,6.6743998527526855,6.696599960327148,6.696599960327148
6.680699825286865,6.692200183868408,6.666200160980225,6.680699825286865,6.680699825286865
6.67519998550415,6.6757001876831055,6.637599945068359,6.67519998550415,6.67519998550415
6.650000095367432,6.687600135803223,6.646999835968018,6.650000095367432,6.650000095367432
6.683499813079834,6.6915998458862305,6.660200119018555,6.683499813079834,6.683499813079834
6.685800075531006,6.713200092315674,6.678199768066406,6.685699939727783,6.685699939727783
6.711299896240234,6.722700119018555,6.696300029754639,6.711299896240234,6.711299896240234
6.704400062561035,6.729000091552734,6.703999996185303,6.704400062561035,6.704400062561035
6.72790002822876,6.728300094604492,6.696599960327148,6.72790002822876,6.72790002822876
6.714000225067139,6.714399814605713,6.671000003814697,6.714000225067139,6.714000225067139
6.691699981689453,6.69950008392334,6.6793999671936035,6.6890997886657715,6.6890997886657715
6.689700126647949,6.695700168609619,6.6717000007629395,6.689700126647949,6.689700126647949
6.676499843597412,6.753200054168701,6.6519999504089355,6.676599979400635,6.676599979400635
6.6519999504089355,6.660999774932861,6.602499961853027,6.6519999504089355,6.6519999504089355
6.605199813842773,6.636499881744385,6.599299907684326,6.605199813842773,6.605199813842773
6.610499858856201,6.629000186920166,6.571899890899658,6.610400199890137,6.610400199890137
6.6280999183654785,6.628600120544434,6.59660005569458,6.6280999183654785,6.6280999183654785
6.614799976348877,6.63100004196167,6.583799839019775,6.614799976348877,6.614799976348877
6.630799770355225,6.632400035858154,6.606299877166748,6.630799770355225,6.630799770355225
6.610599994659424,6.625400066375732,6.597099781036377,6.610599994659424,6.610599994659424
6.605400085449219,6.605400085449219,6.560500144958496,6.605400085449219,6.605400085449219
6.583799839019775,6.584199905395508,6.546999931335449,6.583799839019775,6.583799839019775
6.555099964141846,6.563799858093262,6.531099796295166,6.555099964141846,6.555099964141846
6.559500217437744,6.59089994430542,6.55109977722168,6.559500217437744,6.559500217437744
6.582399845123291,6.582499980926514,6.559700012207031,6.582399845123291,6.582399845123291
6.561999797821045,6.585000038146973,6.554599761962891,6.5619001388549805,6.5619001388549805
6.584499835968018,6.591599941253662,6.571300029754639,6.584499835968018,6.584499835968018
6.590199947357178,6.59060001373291,6.565800189971924,6.590199947357178,6.590199947357178
6.577499866485596,6.578199863433838,6.554999828338623,6.577499866485596,6.577499866485596
6.57450008392334,6.582799911499023,6.56850004196167,6.57450008392334,6.57450008392334
6.575900077819824,6.593500137329102,6.564499855041504,6.576000213623047,6.576000213623047
6.5777997970581055,6.585700035095215,6.5594000816345215,6.5777997970581055,6.5777997970581055
6.570799827575684,6.571300029754639,6.544099807739258,6.570799827575684,6.570799827575684
6.562399864196777,6.563199996948242,6.541800022125244,6.562399864196777,6.562399864196777
6.541399955749512,6.55109977722168,6.522299766540527,6.541399955749512,6.541399955749512
6.530600070953369,6.541999816894531,6.528500080108643,6.530600070953369,6.530600070953369
6.52869987487793,6.538099765777588,6.51639986038208,6.52869987487793,6.52869987487793
6.531700134277344,6.5441999435424805,6.514400005340576,6.531700134277344,6.531700134277344
6.542200088500977,6.551300048828125,6.5346999168396,6.542200088500977,6.542200088500977
6.544400215148926,6.547299861907959,6.527500152587891,6.544400215148926,6.544400215148926
6.5457000732421875,6.549799919128418,6.532299995422363,6.5457000732421875,6.5457000732421875
6.549699783325195,6.554999828338623,6.5355000495910645,6.549699783325195,6.549699783325195
6.538300037384033,6.5447001457214355,6.519400119781494,6.538300037384033,6.538300037384033
6.531300067901611,6.539100170135498,6.519499778747559,6.531300067901611,6.531300067901611
6.532100200653076,6.543700218200684,6.523099899291992,6.532100200653076,6.532100200653076
6.5366997718811035,6.5543999671936035,6.5366997718811035,6.535999774932861,6.535999774932861
6.5482001304626465,6.552499771118164,6.532599925994873,6.5482001304626465,6.5482001304626465
6.542200088500977,6.554100036621094,6.528900146484375,6.542200088500977,6.542200088500977
6.539599895477295,6.53980016708374,6.519599914550781,6.539599895477295,6.539599895477295
6.5289998054504395,6.5432000160217285,6.519599914550781,6.5289998054504395,6.5289998054504395
6.540800094604492,6.5416998863220215,6.5269999504089355,6.540800094604492,6.540800094604492
6.535600185394287,6.536200046539307,6.518499851226807,6.535600185394287,6.535600185394287
6.53000020980835,6.535799980163574,6.514500141143799,6.53000020980835,6.53000020980835
6.522200107574463,6.54610013961792,6.5055999755859375,6.522200107574463,6.522200107574463
6.531700134277344,6.5320000648498535,6.531499862670898,6.531700134277344,6.531700134277344
6.525700092315674,6.525700092315674,6.457799911499023,6.5320000648498535,6.5320000648498535
6.4604997634887695,6.46619987487793,6.4293999671936035,6.4604997634887695,6.4604997634887695
6.4552001953125,6.462299823760986,6.443699836730957,6.4552001953125,6.4552001953125
6.460700035095215,6.478000164031982,6.446499824523926,6.460700035095215,6.460700035095215
6.477200031280518,6.477399826049805,6.453800201416016,6.477200031280518,6.477200031280518
6.474400043487549,6.490600109100342,6.46750020980835,6.474299907684326,6.474299907684326
6.479700088500977,6.479899883270264,6.454100131988525,6.479700088500977,6.479700088500977
6.462900161743164,6.470600128173828,6.451300144195557,6.462900161743164,6.462900161743164
6.4670000076293945,6.474400043487549,6.45989990234375,6.4670000076293945,6.4670000076293945
6.473100185394287,6.480100154876709,6.454800128936768,6.473100185394287,6.473100185394287
6.479800224304199,6.496099948883057,6.477200031280518,6.479700088500977,6.479700088500977
6.491399765014648,6.491499900817871,6.469399929046631,6.491399765014648,6.491399765014648
6.47790002822876,6.478099822998047,6.456500053405762,6.47790002822876,6.47790002822876
6.465400218963623,6.46560001373291,6.450900077819824,6.465400218963623,6.465400218963623
6.461299896240234,6.484099864959717,6.45989990234375,6.461400032043457,6.461400032043457
6.480899810791016,6.485099792480469,6.472599983215332,6.480800151824951,6.480800151824951
6.478700160980225,6.478799819946289,6.4552001953125,6.478700160980225,6.478700160980225
6.463699817657471,6.485300064086914,6.451200008392334,6.463699817657471,6.463699817657471
6.482100009918213,6.492400169372559,6.448299884796143,6.482100009918213,6.482100009918213
6.448400020599365,6.465799808502197,6.417799949645996,6.448400020599365,6.448400020599365
6.426799774169922,6.468599796295166,6.426799774169922,6.426799774169922,6.426799774169922
6.46750020980835,6.468900203704834,6.44350004196167,6.46750020980835,6.46750020980835
6.456399917602539,6.461699962615967,6.448999881744385,6.456399917602539,6.456399917602539
6.459199905395508,6.470799922943115,6.456699848175049,6.459199905395508,6.459199905395508
6.470699787139893,6.479899883270264,6.46019983291626,6.470699787139893,6.470699787139893
6.465700149536133,6.465700149536133,6.440299987792969,6.465700149536133,6.465700149536133
6.447999954223633,6.452400207519531,6.43179988861084,6.447999954223633,6.447999954223633
6.434199810028076,6.457300186157227,6.427800178527832,6.434199810028076,6.434199810028076
6.457200050354004,6.457300186157227,6.456900119781494,6.457200050354004,6.457200050354004
6.456900119781494,6.457499980926514,6.456900119781494,6.456900119781494,6.456900119781494
6.457300186157227,6.457499980926514,6.456999778747559,6.457200050354004,6.457200050354004
6.457200050354004,6.457399845123291,6.456399917602539,6.457200050354004,6.457200050354004
6.457099914550781,6.457600116729736,6.456900119781494,6.457099914550781,6.457099914550781
6.457600116729736,6.488399982452393,6.440899848937988,6.457600116729736,6.457600116729736
6.487199783325195,6.487500190734863,6.446700096130371,6.487199783325195,6.487199783325195
6.485799789428711,6.485799789428711,6.451200008392334,6.485799789428711,6.485799789428711
6.463500022888184,6.4695000648498535,6.451499938964844,6.463099956512451,6.463099956512451
6.4629998207092285,6.4629998207092285,6.444300174713135,6.4629998207092285,6.4629998207092285
6.455999851226807,6.456500053405762,6.442299842834473,6.455999851226807,6.455999851226807
6.453800201416016,6.4807000160217285,6.45359992980957,6.453800201416016,6.453800201416016
6.4741997718811035,6.4741997718811035,6.453499794006348,6.47790002822876,6.47790002822876
6.463200092315674,6.474100112915039,6.460899829864502,6.463200092315674,6.463200092315674
6.4695000648498535,6.471099853515625,6.453499794006348,6.4695000648498535,6.4695000648498535
6.466800212860107,6.470799922943115,6.458099842071533,6.466800212860107,6.466800212860107
6.468999862670898,6.497300148010254,6.463799953460693,6.468999862670898,6.468999862670898
6.495800018310547,6.530099868774414,6.492400169372559,6.495699882507324,6.495699882507324
6.524600028991699,6.542200088500977,6.503399848937988,6.524600028991699,6.524600028991699
6.5055999755859375,6.515999794006348,6.49459981918335,6.5055999755859375,6.5055999755859375
6.504899978637695,6.505199909210205,6.48360013961792,6.504899978637695,6.504899978637695
6.492700099945068,6.507599830627441,6.47160005569458,6.493000030517578,6.493000030517578
6.498499870300293,6.508900165557861,6.488900184631348,6.498499870300293,6.498499870300293
6.498899936676025,6.5055999755859375,6.489799976348877,6.498899936676025,6.498899936676025
6.504899978637695,6.5065999031066895,6.489500045776367,6.505000114440918,6.505000114440918
6.503200054168701,6.5096001625061035,6.482900142669678,6.502600193023682,6.502600193023682
6.504799842834473,6.517199993133545,6.499000072479248,6.504799842834473,6.504799842834473
6.499000072479248,6.511099815368652,6.499000072479248,6.499000072479248,6.499000072479248
6.50629997253418,6.516600131988525,6.499000072479248,6.50629997253418,6.50629997253418
6.515500068664551,6.5254998207092285,6.5117998123168945,6.514900207519531,6.514900207519531
6.514699935913086,6.54580020904541,6.514699935913086,6.514599800109863,6.514599800109863
6.545400142669678,6.545400142669678,6.530099868774414,6.5447998046875,6.5447998046875
6.540500164031982,6.572000026702881,6.54040002822876,6.540500164031982,6.540500164031982
6.568600177764893,6.57390022277832,6.555799961090088,6.568699836730957,6.568699836730957
6.571000099182129,6.571300029754639,6.543499946594238,6.571000099182129,6.571000099182129
6.551700115203857,6.576399803161621,6.551700115203857,6.551199913024902,6.551199913024902
6.5644001960754395,6.5671000480651855,6.558700084686279,6.5644001960754395,6.5644001960754395
6.566500186920166,6.566699981689453,6.565700054168701,6.566500186920166,6.566500186920166
6.565899848937988,6.566100120544434,6.53849983215332,6.565899848937988,6.565899848937988
6.53849983215332,6.545100212097168,6.5329999923706055,6.53849983215332,6.53849983215332
6.540999889373779,6.551300048828125,6.540599822998047,6.540999889373779,6.540999889373779
6.550000190734863,6.560299873352051,6.543600082397461,6.550000190734863,6.550000190734863
6.552000045776367,6.558899879455566,6.53439998626709,6.552000045776367,6.552000045776367
6.547900199890137,6.552000045776367,6.537499904632568,6.547900199890137,6.547900199890137
6.542600154876709,6.543499946594238,6.519599914550781,6.542600154876709,6.542600154876709
6.52810001373291,6.540200233459473,6.517600059509277,6.52810001373291,6.52810001373291
6.5218000411987305,6.532700061798096,6.510300159454346,6.521299839019775,6.521299839019775
6.511099815368652,6.530300140380859,6.497799873352051,6.511099815368652,6.511099815368652
6.509300231933594,6.509300231933594,6.484499931335449,6.509300231933594,6.509300231933594
6.498499870300293,6.500800132751465,6.484399795532227,6.498499870300293,6.498499870300293
6.489999771118164,6.492499828338623,6.477399826049805,6.489999771118164,6.489999771118164
6.490300178527832,6.4984002113342285,6.480899810791016,6.490300178527832,6.490300178527832
6.4944000244140625,6.4944000244140625,6.4791998863220215,6.4944000244140625,6.4944000244140625
6.484499931335449,6.4893999099731445,6.473100185394287,6.484499931335449,6.484499931335449
6.482100009918213,6.489200115203857,6.468900203704834,6.482100009918213,6.482100009918213
6.47790002822876,6.478000164031982,6.457900047302246,6.47790002822876,6.47790002822876
6.471199989318848,6.475200176239014,6.457200050354004,6.471199989318848,6.471199989318848
6.473499774932861,6.473499774932861,6.472499847412109,6.473499774932861,6.473499774932861
6.472799777984619,6.472899913787842,6.472799777984619,6.472799777984619,6.472799777984619
6.472799777984619,6.472799777984619,6.472099781036377,6.472799777984619,6.472799777984619
6.4730000495910645,6.4822998046875,6.453800201416016,6.4730000495910645,6.4730000495910645
6.463200092315674,6.464700222015381,6.425099849700928,6.463200092315674,6.463200092315674
6.43149995803833,6.432499885559082,6.40369987487793,6.43149995803833,6.43149995803833
6.41510009765625,6.431399822235107,6.414899826049805,6.41510009765625,6.41510009765625
6.428400039672852,6.455999851226807,6.426700115203857,6.428299903869629,6.428299903869629
6.4552001953125,6.456399917602539,6.443699836730957,6.4552001953125,6.4552001953125
6.450900077819824,6.451200008392334,6.420300006866455,6.450900077819824,6.450900077819824
6.436100006103516,6.442599773406982,6.427499771118164,6.436100006103516,6.436100006103516
6.438199996948242,6.438399791717529,6.412700176239014,6.438199996948242,6.438199996948242
6.424200057983398,6.438300132751465,6.415900230407715,6.424200057983398,6.424200057983398
6.434000015258789,6.4415998458862305,6.43149995803833,6.434000015258789,6.434000015258789
6.433899879455566,6.435699939727783,6.422699928283691,6.433899879455566,6.433899879455566
6.433199882507324,6.438399791717529,6.414000034332275,6.433199882507324,6.433199882507324
6.418300151824951,6.418600082397461,6.39709997177124,6.418300151824951,6.418300151824951
6.409999847412109,6.409999847412109,6.385900020599365,6.409999847412109,6.409999847412109
6.390699863433838,6.395899772644043,6.372000217437744,6.390699863433838,6.390699863433838
6.381999969482422,6.383399963378906,6.359099864959717,6.381999969482422,6.381999969482422
6.367400169372559,6.372900009155273,6.351799964904785,6.367400169372559,6.367400169372559
6.36899995803833,6.3831000328063965,6.361499786376953,6.36899995803833,6.36899995803833
6.38070011138916,6.389900207519531,6.372700214385986,6.38070011138916,6.38070011138916
6.380099773406982,6.4028000831604,6.375800132751465,6.380099773406982,6.380099773406982
6.402699947357178,6.411099910736084,6.392300128936768,6.402699947357178,6.402699947357178
6.3942999839782715,6.401700019836426,6.38539981842041,6.3942999839782715,6.3942999839782715
6.396299839019775,6.399499893188477,6.382900238037109,6.396299839019775,6.396299839019775
6.399499893188477,6.400000095367432,6.375199794769287,6.399499893188477,6.399499893188477
6.386499881744385,6.394499778747559,6.3734002113342285,6.386499881744385,6.386499881744385
6.392300128936768,6.397900104522705,6.376500129699707,6.392300128936768,6.392300128936768
6.39769983291626,6.39769983291626,6.397200107574463,6.39769983291626,6.39769983291626
6.397200107574463,6.406300067901611,6.393099784851074,6.397200107574463,6.397200107574463
6.40500020980835,6.40500020980835,6.392600059509277,6.40500020980835,6.40500020980835
6.396699905395508,6.4481000900268555,6.396200180053711,6.396699905395508,6.396699905395508
6.447700023651123,6.452099800109863,6.429200172424316,6.447400093078613,6.447400093078613
6.452099800109863,6.470300197601318,6.4471001625061035,6.452099800109863,6.452099800109863
6.46589994430542,6.480299949645996,6.454599857330322,6.46589994430542,6.46589994430542
6.480299949645996,6.488699913024902,6.4629998207092285,6.480299949645996,6.480299949645996
6.4730000495910645,6.481200218200684,6.456099987030029,6.4730000495910645,6.4730000495910645
6.4710001945495605,6.471099853515625,6.450200080871582,6.4710001945495605,6.4710001945495605
6.446300029754639,6.463500022888184,6.4456000328063965,6.446300029754639,6.446300029754639
6.455100059509277,6.46750020980835,6.450399875640869,6.455100059509277,6.455100059509277
6.463099956512451,6.463099956512451,6.444799900054932,6.463099956512451,6.463099956512451
6.456200122833252,6.468100070953369,6.454400062561035,6.456200122833252,6.456200122833252
6.467599868774414,6.483799934387207,6.463500022888184,6.467599868774414,6.467599868774414
6.472099781036377,6.472099781036377,6.454500198364258,6.472099781036377,6.472099781036377
6.462800025939941,6.4781999588012695,6.452700138092041,6.462800025939941,6.462800025939941
6.478300094604492,6.479100227355957,6.455399990081787,6.478099822998047,6.478099822998047
6.471499919891357,6.489799976348877,6.468500137329102,6.471499919891357,6.471499919891357
6.489099979400635,6.489500045776367,6.4695000648498535,6.489099979400635,6.489099979400635
6.478000164031982,6.478000164031982,6.463900089263916,6.478000164031982,6.478000164031982
6.474599838256836,6.474599838256836,6.453199863433838,6.474599838256836,6.474599838256836
6.46750020980835,6.47599983215332,6.448500156402588,6.46750020980835,6.46750020980835
6.468100070953369,6.468699932098389,6.450699806213379,6.468299865722656,6.468299865722656
6.45989990234375,6.478499889373779,6.456399917602539,6.460100173950195,6.460100173950195
6.4781999588012695,6.490200042724609,6.476600170135498,6.4781999588012695,6.4781999588012695
6.4893999099731445,6.489500045776367,6.472700119018555,6.4893999099731445,6.4893999099731445
6.48390007019043,6.484399795532227,6.461100101470947,6.48390007019043,6.48390007019043
6.4670000076293945,6.469699859619141,6.455699920654297,6.4670000076293945,6.4670000076293945
6.469699859619141,6.480599880218506,6.461599826812744,6.469699859619141,6.469699859619141
6.480400085449219,6.486299991607666,6.472899913787842,6.480400085449219,6.480400085449219
6.4816999435424805,6.510499954223633,6.473299980163574,6.4816999435424805,6.4816999435424805
6.509699821472168,6.510300159454346,6.487400054931641,6.509699821472168,6.509699821472168
6.4893999099731445,6.4899001121521,6.446400165557861,6.4893999099731445,6.4893999099731445
6.4552998542785645,6.466599941253662,6.44320011138916,6.4552998542785645,6.4552998542785645
6.4604997634887695,6.46750020980835,6.451000213623047,6.4604997634887695,6.4604997634887695
6.46120023727417,6.469399929046631,6.453400135040283,6.460999965667725,6.460999965667725
6.469200134277344,6.469399929046631,6.44980001449585,6.469200134277344,6.469200134277344
6.465199947357178,6.465799808502197,6.452000141143799,6.465199947357178,6.465199947357178
6.460299968719482,6.48330020904541,6.460299968719482,6.460299968719482,6.460299968719482
6.482500076293945,6.4868998527526855,6.467800140380859,6.482500076293945,6.482500076293945
6.485199928283691,6.485499858856201,6.469200134277344,6.485199928283691,6.485199928283691
6.484799861907959,6.487299919128418,6.470900058746338,6.484899997711182,6.484899997711182
6.4781999588012695,6.479700088500977,6.465700149536133,6.4781999588012695,6.4781999588012695
6.478400230407715,6.4822001457214355,6.466599941253662,6.478300094604492,6.478300094604492
6.476399898529053,6.4791998863220215,6.472700119018555,6.476399898529053,6.476399898529053
6.473599910736084,6.486100196838379,6.46750020980835,6.473599910736084,6.473599910736084
6.485099792480469,6.485300064086914,6.4710001945495605,6.485099792480469,6.485099792480469
6.4832000732421875,6.497399806976318,6.482800006866455,6.4832000732421875,6.4832000732421875
6.49370002746582,6.5030999183654785,6.4893999099731445,6.49370002746582,6.49370002746582
6.491600036621094,6.4953999519348145,6.471499919891357,6.491600036621094,6.491600036621094
6.480000019073486,6.4832000732421875,6.468599796295166,6.480000019073486,6.480000019073486
6.469900131225586,6.478300094604492,6.46750020980835,6.469900131225586,6.469900131225586
6.474899768829346,6.485599994659424,6.472499847412109,6.474899768829346,6.474899768829346
6.480500221252441,6.486700057983398,6.469399929046631,6.480500221252441,6.480500221252441
6.470799922943115,6.470799922943115,6.457699775695801,6.470799922943115,6.470799922943115
6.465099811553955,6.470900058746338,6.450799942016602,6.465099811553955,6.465099811553955
6.45959997177124,6.4679999351501465,6.454400062561035,6.45959997177124,6.45959997177124
6.458899974822998,6.462299823760986,6.446199893951416,6.459000110626221,6.459000110626221
6.455399990081787,6.460100173950195,6.432700157165527,6.455399990081787,6.455399990081787
6.451900005340576,6.458499908447266,6.447400093078613,6.451900005340576,6.451900005340576
6.456699848175049,6.466100215911865,6.4456000328063965,6.456699848175049,6.456699848175049
6.4654998779296875,6.46560001373291,6.451099872589111,6.4654998779296875,6.4654998779296875
6.460700035095215,6.462200164794922,6.445000171661377,6.460700035095215,6.460700035095215
6.4542999267578125,6.455999851226807,6.42710018157959,6.4542999267578125,6.4542999267578125
6.443399906158447,6.456299781799316,6.443299770355225,6.443399906158447,6.443399906158447
6.450799942016602,6.451000213623047,6.4369001388549805,6.450799942016602,6.450799942016602
6.438300132751465,6.443299770355225,6.427499771118164,6.438300132751465,6.438300132751465
6.431399822235107,6.4567999839782715,6.429699897766113,6.431399822235107,6.431399822235107
6.456600189208984,6.467899799346924,6.4405999183654785,6.456600189208984,6.456600189208984
6.465199947357178,6.465799808502197,6.464000225067139,6.465199947357178,6.465199947357178
6.465000152587891,6.4664998054504395,6.465000152587891,6.465000152587891,6.465000152587891
6.466000080108643,6.472300052642822,6.4558000564575195,6.466000080108643,6.466000080108643
6.4608001708984375,6.468800067901611,6.44350004196167,6.4608001708984375,6.4608001708984375
6.457900047302246,6.468599796295166,6.455900192260742,6.457900047302246,6.457900047302246
6.465700149536133,6.465700149536133,6.449399948120117,6.465700149536133,6.465700149536133
6.455999851226807,6.461100101470947,6.44920015335083,6.455999851226807,6.455999851226807
6.459000110626221,6.470300197601318,6.454100131988525,6.459000110626221,6.459000110626221
6.469600200653076,6.473299980163574,6.436699867248535,6.469600200653076,6.469600200653076
6.445499897003174,6.445899963378906,6.445300102233887,6.445499897003174,6.445499897003174
6.445700168609619,6.445700168609619,6.445199966430664,6.445700168609619,6.445700168609619
6.445199966430664,6.445199966430664,6.445199966430664,6.445199966430664,6.445199966430664
6.445199966430664,6.445199966430664,6.445199966430664,6.445199966430664,6.445199966430664
6.445199966430664,6.445700168609619,6.445199966430664,6.445199966430664,6.445199966430664
6.445199966430664,6.450399875640869,6.430699825286865,6.445199966430664,6.445199966430664
6.442299842834473,6.449699878692627,6.42519998550415,6.442299842834473,6.442299842834473
6.4496002197265625,6.456999778747559,6.439300060272217,6.4496002197265625,6.4496002197265625
6.447999954223633,6.450200080871582,6.42609977722168,6.447999954223633,6.447999954223633
6.426599979400635,6.439000129699707,6.426599979400635,6.426599979400635,6.426599979400635
6.439000129699707,6.439499855041504,6.420199871063232,6.439000129699707,6.439000129699707
6.434800148010254,6.438300132751465,6.420499801635742,6.434800148010254,6.434800148010254
6.428899765014648,6.428899765014648,6.371699810028076,6.428899765014648,6.428899765014648
6.381800174713135,6.396500110626221,6.381100177764893,6.381800174713135,6.381800174713135
6.392899990081787,6.401199817657471,6.38640022277832,6.392899990081787,6.392899990081787
6.3917999267578125,6.399799823760986,6.375,6.3917999267578125,6.3917999267578125
6.383900165557861,6.390600204467773,6.3730998039245605,6.383900165557861,6.383900165557861
6.384699821472168,6.385200023651123,6.3709001541137695,6.384699821472168,6.384699821472168
6.381499767303467,6.395599842071533,6.37470006942749,6.381499767303467,6.381499767303467
6.391600131988525,6.403800010681152,6.3871002197265625,6.391600131988525,6.391600131988525
6.390399932861328,6.406799793243408,6.381700038909912,6.390399932861328,6.390399932861328
6.404799938201904,6.405900001525879,6.3867998123168945,6.404699802398682,6.404699802398682
6.396200180053711,6.4004998207092285,6.388500213623047,6.396200180053711,6.396200180053711
6.398900032043457,6.405700206756592,6.3856000900268555,6.398900032043457,6.398900032043457
6.406199932098389,6.406300067901611,6.390699863433838,6.406199932098389,6.406199932098389
6.396399974822998,6.403200149536133,6.3907999992370605,6.396399974822998,6.396399974822998
6.397900104522705,6.39900016784668,6.382699966430664,6.397900104522705,6.397900104522705
6.391600131988525,6.395999908447266,6.3796000480651855,6.391600131988525,6.391600131988525
6.39169979095459,6.393700122833252,6.381199836730957,6.39169979095459,6.39169979095459
6.3881001472473145,6.406799793243408,6.387800216674805,6.3881001472473145,6.3881001472473145
6.389500141143799,6.396100044250488,6.371300220489502,6.389500141143799,6.389500141143799
6.378699779510498,6.384099960327148,6.377699851989746,6.378600120544434,6.378600120544434
6.3821001052856445,6.395400047302246,6.366000175476074,6.3821001052856445,6.3821001052856445
6.39109992980957,6.392399787902832,6.365799903869629,6.39109992980957,6.39109992980957
6.3769001960754395,6.386899948120117,6.3744001388549805,6.3769001960754395,6.3769001960754395
6.385000228881836,6.389699935913086,6.374300003051758,6.385000228881836,6.385000228881836
6.386199951171875,6.388599872589111,6.369800090789795,6.386199951171875,6.386199951171875
6.384300231933594,6.392399787902832,6.378900051116943,6.384300231933594,6.384300231933594
6.3907999992370605,6.392000198364258,6.3769001960754395,6.3907999992370605,6.3907999992370605
6.3917999267578125,6.392000198364258,6.376699924468994,6.3917999267578125,6.3917999267578125
6.386000156402588,6.3927001953125,6.378900051116943,6.386000156402588,6.386000156402588
6.392000198364258,6.392000198364258,6.375800132751465,6.392000198364258,6.392000198364258
6.38700008392334,6.387800216674805,6.360799789428711,6.38700008392334,6.38700008392334
6.3632001876831055,6.370999813079834,6.356500148773193,6.3632001876831055,6.3632001876831055
6.367300033569336,6.376999855041504,6.359300136566162,6.367300033569336,6.367300033569336
6.3755998611450195,6.376500129699707,6.360799789428711,6.3755998611450195,6.3755998611450195
6.375400066375732,6.377799987792969,6.361800193786621,6.37529993057251,6.37529993057251
6.374800205230713,6.37529993057251,6.3557000160217285,6.374800205230713,6.374800205230713
6.366300106048584,6.366399765014648,6.338200092315674,6.366300106048584,6.366300106048584
6.343699932098389,6.377399921417236,6.333700180053711,6.343699932098389,6.343699932098389
6.376500129699707,6.382500171661377,6.3572998046875,6.376500129699707,6.376500129699707
6.360000133514404,6.366000175476074,6.353700160980225,6.360000133514404,6.360000133514404
6.365499973297119,6.368100166320801,6.35290002822876,6.365499973297119,6.365499973297119
6.366499900817871,6.367099761962891,6.3541998863220215,6.366499900817871,6.366499900817871
6.366499900817871,6.368299961090088,6.356299877166748,6.366499900817871,6.366499900817871
6.367199897766113,6.3815999031066895,6.35860013961792,6.367199897766113,6.367199897766113
6.3744001388549805,6.3790998458862305,6.366399765014648,6.374000072479248,6.374000072479248
6.374599933624268,6.375100135803223,6.361599922180176,6.374599933624268,6.374599933624268
6.37060022354126,6.372600078582764,6.359899997711182,6.37060022354126,6.37060022354126
6.369100093841553,6.37060022354126,6.360099792480469,6.369100093841553,6.369100093841553
6.368800163269043,6.370299816131592,6.3597002029418945,6.368800163269043,6.368800163269043
6.366600036621094,6.372200012207031,6.361299991607666,6.366600036621094,6.366600036621094
6.369800090789795,6.371500015258789,6.360799789428711,6.369800090789795,6.369800090789795
6.367199897766113,6.371399879455566,6.358399868011475,6.367199897766113,6.367199897766113
6.367300033569336,6.377500057220459,6.358699798583984,6.367300033569336,6.367300033569336
6.372099876403809,6.377500057220459,6.339700222015381,6.372099876403809,6.372099876403809
