new_cases,new_deaths,icu_patients,hosp_patients,new_tests,new_vaccinations,stringency_index,population,gdp_per_capita
66393.0,963.0,9245.0,33760.0,1035695.0,0.0,68.98,336997624.0,54225.446
70815.0,973.0,9797.0,38539.0,1029397.0,0.0,68.98,336997624.0,54225.446
66344.0,921.0,10700.0,40062.0,1047771.0,0.0,68.98,336997624.0,54225.446
64293.0,889.0,10963.0,40376.0,912739.0,0.0,68.98,336997624.0,54225.446
58984.0,483.0,10267.0,37897.0,718510.0,0.0,68.98,336997624.0,54225.446
60900.0,532.0,11291.0,41140.0,907852.0,0.0,67.13,336997624.0,54225.446
68320.0,1096.0,11458.0,42195.0,1036732.0,0.0,67.13,336997624.0,54225.446
67468.0,1222.0,12487.0,46107.0,1110157.0,0.0,67.13,336997624.0,54225.446
67820.0,1075.0,13916.0,47836.0,1084440.0,0.0,67.13,336997624.0,54225.446
75028.0,1093.0,13627.0,46750.0,1075074.0,0.0,67.13,336997624.0,54225.446
63733.0,968.0,14402.0,51833.0,882249.0,0.0,67.13,336997624.0,54225.446
55634.0,539.0,12403.0,42748.0,677949.0,0.0,67.13,336997624.0,54225.446
60046.0,1109.0,14230.0,47167.0,798079.0,0.0,67.13,336997624.0,54225.446
64546.0,1212.0,14578.0,48114.0,968589.0,0.0,67.13,336997624.0,54225.446
64106.0,1434.0,14021.0,45616.0,1040979.0,0.0,67.13,336997624.0,54225.446
69202.0,1295.0,14653.0,46832.0,1038660.0,0.0,67.13,336997624.0,54225.446
64497.0,1172.0,14603.0,46150.0,990988.0,0.0,67.13,336997624.0,54225.446
57410.0,1115.0,14400.0,50419.0,793004.0,0.0,67.13,336997624.0,54225.446
46906.0,462.0,14053.0,50238.0,624557.0,0.0,67.13,336997624.0,54225.446
41959.0,563.0,14245.0,45291.0,777367.0,0.0,67.13,336997624.0,54225.446
61610.0,1255.0,14116.0,45134.0,884258.0,0.0,67.13,336997624.0,54225.446
54168.0,1417.0,14059.0,44663.0,965967.0,0.0,67.13,336997624.0,54225.446
60068.0,1186.0,13885.0,43891.0,991066.0,0.0,67.13,336997624.0,54225.446
60481.0,1291.0,13769.0,43210.0,1016143.0,0.0,67.13,336997624.0,54225.446
63717.0,1089.0,13358.0,41593.0,815965.0,0.0,67.13,336997624.0,54225.446
54124.0,573.0,13163.0,41484.0,626770.0,0.0,67.13,336997624.0,54225.446
51662.0,525.0,13181.0,42072.0,785440.0,0.0,67.13,336997624.0,54225.446
56846.0,1075.0,13058.0,41645.0,909628.0,0.0,67.13,336997624.0,54225.446
55242.0,1510.0,12868.0,41817.0,1028648.0,0.0,67.13,336997624.0,54225.446
51461.0,1036.0,12677.0,41240.0,980679.0,0.0,67.13,336997624.0,54225.446
70089.0,1305.0,12512.0,39980.0,961908.0,0.0,67.13,336997624.0,54225.446
52325.0,1036.0,12246.0,38699.0,767953.0,0.0,67.13,336997624.0,54225.446
34607.0,615.0,11991.0,38850.0,573003.0,0.0,67.13,336997624.0,54225.446
37986.0,477.0,11967.0,39032.0,677112.0,0.0,67.13,336997624.0,54225.446
44970.0,1229.0,11958.0,38897.0,895868.0,0.0,67.13,336997624.0,54225.446
45926.0,685.0,11571.0,38002.0,1005392.0,0.0,67.13,336997624.0,54225.446
45142.0,1102.0,11263.0,37321.0,997091.0,0.0,67.13,336997624.0,54225.446
47912.0,1095.0,11031.0,35989.0,965849.0,0.0,67.13,336997624.0,54225.446
45288.0,956.0,10779.0,34888.0,794575.0,0.0,67.13,336997624.0,54225.446
31901.0,507.0,10738.0,34609.0,562121.0,0.0,67.13,336997624.0,54225.446
34100.0,433.0,10691.0,34791.0,667078.0,0.0,67.13,336997624.0,54225.446
42569.0,1220.0,10603.0,34479.0,906376.0,0.0,67.13,336997624.0,54225.446
42189.0,1160.0,10383.0,33624.0,1018302.0,0.0,67.13,336997624.0,54225.446
50436.0,1109.0,9905.0,33285.0,1021100.0,0.0,67.13,336997624.0,54225.446
46316.0,925.0,9883.0,31898.0,987630.0,0.0,67.13,336997624.0,54225.446
43052.0,961.0,9697.0,31178.0,798695.0,0.0,67.13,336997624.0,54225.446
34165.0,441.0,9549.0,31075.0,614916.0,0.0,67.13,336997624.0,54225.446
33533.0,481.0,9509.0,31395.0,661983.0,0.0,67.13,336997624.0,54225.446
41970.0,1067.0,9471.0,31118.0,908137.0,0.0,67.13,336997624.0,54225.446
40107.0,1055.0,9362.0,30827.0,1027857.0,0.0,67.13,336997624.0,54225.446
45215.0,1022.0,9233.0,30299.0,1033322.0,0.0,67.13,336997624.0,54225.446
48677.0,952.0,9228.0,29879.0,1000098.0,0.0,67.13,336997624.0,54225.446
43203.0,793.0,9091.0,28845.0,817023.0,0.0,67.13,336997624.0,54225.446
29062.0,435.0,9010.0,28369.0,566087.0,0.0,67.13,336997624.0,54225.446
24703.0,323.0,8974.0,28589.0,415258.0,0.0,67.13,336997624.0,54225.446
27098.0,473.0,8971.0,28952.0,664478.0,0.0,67.13,336997624.0,54225.446
33841.0,1102.0,8784.0,28775.0,959737.0,0.0,67.13,336997624.0,54225.446
39621.0,909.0,8590.0,28066.0,1088683.0,0.0,67.13,336997624.0,54225.446
44843.0,1142.0,8529.0,27368.0,1101018.0,0.0,67.13,336997624.0,54225.446
45577.0,738.0,8312.0,26512.0,866314.0,0.0,62.5,336997624.0,54225.446
40288.0,394.0,8261.0,26329.0,628342.0,0.0,62.5,336997624.0,54225.446
32919.0,421.0,8264.0,26788.0,709231.0,0.0,62.5,336997624.0,54225.446
37435.0,1191.0,8158.0,26935.0,968080.0,0.0,62.5,336997624.0,54225.446
38346.0,934.0,8074.0,26372.0,1140356.0,0.0,62.5,336997624.0,54225.446
45446.0,849.0,8025.0,26085.0,1158618.0,0.0,62.5,336997624.0,54225.446
50214.0,958.0,7970.0,25833.0,1230229.0,0.0,62.5,336997624.0,54225.446
45620.0,665.0,7833.0,25481.0,939179.0,0.0,62.5,336997624.0,54225.446
41587.0,265.0,7840.0,25543.0,624605.0,0.0,62.5,336997624.0,54225.446
32281.0,410.0,7856.0,26379.0,751061.0,0.0,62.5,336997624.0,54225.446
38289.0,1020.0,7862.0,26440.0,1030405.0,0.0,62.5,336997624.0,54225.446
41226.0,1052.0,7861.0,26484.0,1205830.0,0.0,62.5,336997624.0,54225.446
48966.0,890.0,7830.0,26407.0,1203312.0,0.0,62.5,336997624.0,54225.446
47021.0,915.0,7813.0,26275.0,1130713.0,0.0,62.5,336997624.0,54225.446
43440.0,762.0,7796.0,25904.0,939658.0,0.0,62.5,336997624.0,54225.446
33695.0,304.0,8067.0,25970.0,597705.0,0.0,62.5,336997624.0,54225.446
38069.0,340.0,7915.0,27021.0,668427.0,0.0,62.5,336997624.0,54225.446
42286.0,894.0,8044.0,27507.0,985225.0,0.0,62.5,336997624.0,54225.446
38891.0,904.0,8070.0,27669.0,1201679.0,0.0,62.5,336997624.0,54225.446
46383.0,896.0,8005.0,27478.0,1225444.0,0.0,62.5,336997624.0,54225.446
53529.0,837.0,7957.0,27407.0,1192888.0,0.0,62.5,336997624.0,54225.446
49325.0,672.0,7964.0,27271.0,976617.0,0.0,62.5,336997624.0,54225.446
33341.0,369.0,8119.0,27871.0,641516.0,0.0,62.5,336997624.0,54225.446
37987.0,475.0,8332.0,28956.0,807970.0,0.0,62.5,336997624.0,54225.446
44967.0,687.0,8571.0,30005.0,1228214.0,0.0,62.5,336997624.0,54225.446
49538.0,907.0,8638.0,30543.0,1414298.0,0.0,62.5,336997624.0,54225.446
58208.0,973.0,8624.0,31015.0,1435087.0,0.0,62.5,336997624.0,54225.446
55336.0,962.0,8723.0,31207.0,1402552.0,0.0,62.5,336997624.0,54225.446
55187.0,649.0,8731.0,30981.0,1106671.0,0.0,62.5,336997624.0,54225.446
46818.0,463.0,8819.0,31435.0,748144.0,0.0,62.5,336997624.0,54225.446
42972.0,395.0,9047.0,32759.0,811109.0,0.0,62.5,336997624.0,54225.446
50604.0,740.0,9412.0,33504.0,1065918.0,0.0,66.2,336997624.0,54225.446
59102.0,989.0,9303.0,33936.0,1232849.0,0.0,66.2,336997624.0,54225.446
63812.0,838.0,9478.0,34388.0,1306768.0,0.0,66.2,336997624.0,54225.446
70304.0,933.0,9538.0,34641.0,1332014.0,0.0,66.2,336997624.0,54225.446
54785.0,790.0,9516.0,34322.0,1120938.0,0.0,66.2,336997624.0,54225.446
52251.0,482.0,9725.0,35015.0,771165.0,0.0,66.2,336997624.0,54225.446
68775.0,511.0,10075.0,36432.0,876329.0,0.0,66.2,336997624.0,54225.446
62494.0,951.0,10214.0,37411.0,1278223.0,0.0,66.2,336997624.0,54225.446
61311.0,1166.0,10453.0,38149.0,1480937.0,0.0,66.2,336997624.0,54225.446
80171.0,861.0,10648.0,38849.0,1533814.0,0.0,66.2,336997624.0,54225.446
82109.0,957.0,10712.0,39080.0,1466797.0,0.0,66.2,336997624.0,54225.446
78007.0,972.0,10711.0,39341.0,1180398.0,0.0,66.2,336997624.0,54225.446
60340.0,451.0,10853.0,39986.0,794272.0,0.0,66.2,336997624.0,54225.446
64555.0,555.0,11111.0,41342.0,955237.0,0.0,62.5,336997624.0,54225.446
78887.0,1022.0,11431.0,42272.0,1341009.0,0.0,62.5,336997624.0,54225.446
88381.0,1041.0,11660.0,43481.0,1504915.0,0.0,62.5,336997624.0,54225.446
92713.0,998.0,11824.0,44162.0,1486820.0,0.0,62.5,336997624.0,54225.446
100506.0,1072.0,11851.0,45072.0,1502418.0,0.0,62.5,336997624.0,54225.446
86707.0,939.0,11884.0,45049.0,1220825.0,0.0,62.5,336997624.0,54225.446
78092.0,508.0,12128.0,46056.0,899934.0,0.0,62.5,336997624.0,54225.446
84013.0,597.0,12591.0,47938.0,1017282.0,0.0,62.5,336997624.0,54225.446
126832.0,1625.0,12925.0,49074.0,1365330.0,0.0,62.5,336997624.0,54225.446
102080.0,1117.0,13002.0,50468.0,1633334.0,0.0,62.5,336997624.0,54225.446
130015.0,1193.0,13228.0,51790.0,1696886.0,0.0,62.5,336997624.0,54225.446
129122.0,1221.0,13357.0,52843.0,1678233.0,0.0,62.5,336997624.0,54225.446
127223.0,1125.0,13479.0,53822.0,1456573.0,0.0,62.5,336997624.0,54225.446
119363.0,575.0,14008.0,55716.0,1011561.0,0.0,62.5,336997624.0,54225.446
119587.0,801.0,14409.0,58475.0,1224579.0,0.0,65.28,336997624.0,54225.446
139406.0,1439.0,14835.0,61421.0,1539654.0,0.0,65.28,336997624.0,54225.446
149685.0,1463.0,15115.0,63328.0,1792000.0,0.0,65.28,336997624.0,54225.446
159772.0,1243.0,15592.0,65204.0,1854418.0,0.0,65.28,336997624.0,54225.446
178977.0,1227.0,15863.0,66115.0,1905446.0,0.0,65.28,336997624.0,54225.446
162743.0,1367.0,16238.0,67220.0,1598977.0,0.0,65.28,336997624.0,54225.446
138447.0,788.0,16808.0,69518.0,1197843.0,0.0,65.28,336997624.0,54225.446
156131.0,877.0,17538.0,73100.0,1492734.0,0.0,75.46,336997624.0,54225.446
167247.0,1744.0,18088.0,75499.0,1906033.0,0.0,75.46,336997624.0,54225.446
173391.0,1936.0,18331.0,77320.0,2099920.0,0.0,75.46,336997624.0,54225.446
191844.0,2015.0,18742.0,78344.0,2077284.0,0.0,75.46,336997624.0,54225.446
201290.0,1973.0,18916.0,79739.0,2151567.0,0.0,75.46,336997624.0,54225.446
177360.0,1630.0,19091.0,79864.0,1857757.0,0.0,75.46,336997624.0,54225.446
145234.0,1074.0,19658.0,81798.0,1422833.0,0.0,75.46,336997624.0,54225.446
184620.0,1140.0,20176.0,84179.0,1674215.0,0.0,75.46,336997624.0,54225.446
174842.0,2184.0,20572.0,86042.0,1972982.0,0.0,75.46,336997624.0,54225.446
181303.0,2260.0,20831.0,87127.0,2226171.0,0.0,75.46,336997624.0,54225.446
112773.0,1390.0,21025.0,86555.0,1506621.0,0.0,75.46,336997624.0,54225.446
215054.0,1619.0,21327.0,88105.0,1512764.0,0.0,75.46,336997624.0,54225.446
167185.0,1407.0,21483.0,89606.0,1348743.0,0.0,75.46,336997624.0,54225.446
139528.0,1047.0,21919.0,92453.0,1152025.0,0.0,75.46,336997624.0,54225.446
158810.0,1375.0,22500.0,95096.0,1465722.0,0.0,75.46,336997624.0,54225.446
198704.0,2558.0,22868.0,96674.0,1844345.0,0.0,75.46,336997624.0,54225.446
197089.0,2780.0,22962.0,97842.0,2099739.0,0.0,71.76,336997624.0,54225.446
219426.0,2911.0,23043.0,97853.0,2148710.0,0.0,71.76,336997624.0,54225.446
235194.0,2667.0,23123.0,98143.0,2119093.0,0.0,71.76,336997624.0,54225.446
219719.0,2401.0,23172.0,97247.0,1692329.0,0.0,71.76,336997624.0,54225.446
178136.0,1417.0,23435.0,98654.0,1293215.0,0.0,71.76,336997624.0,54225.446
196567.0,1641.0,23892.0,101028.0,1541115.0,0.0,71.76,336997624.0,54225.446
227453.0,2602.0,24197.0,102304.0,1916125.0,0.0,71.76,336997624.0,54225.446
215844.0,2951.0,24612.0,104371.0,2125501.0,0.0,71.76,336997624.0,54225.446
235712.0,2914.0,24636.0,105048.0,2182843.0,0.0,71.76,336997624.0,54225.446
236994.0,3334.0,24747.0,105653.0,2057581.0,0.0,71.76,336997624.0,54225.446
222535.0,2506.0,24634.0,105358.0,1723193.0,0.0,71.76,336997624.0,54225.446
190667.0,1595.0,25074.0,107402.0,1249594.0,0.0,71.76,336997624.0,54225.446
210469.0,1695.0,25560.0,109689.0,1495092.0,4747.0,71.76,336997624.0,54225.446
227236.0,2906.0,25812.0,110996.0,1946701.0,47635.0,71.76,336997624.0,54225.446
234250.0,3685.0,25972.0,111997.0,2078178.0,159648.0,71.76,336997624.0,54225.446
239195.0,3418.0,25894.0,112445.0,2053475.0,274393.0,71.76,336997624.0,54225.446
246575.0,2929.0,25950.0,112114.0,2022937.0,419720.0,71.76,336997624.0,54225.446
204850.0,2737.0,25801.0,111037.0,1712286.0,183530.0,71.76,336997624.0,54225.446
186226.0,1695.0,26057.0,112401.0,1277375.0,106713.0,71.76,336997624.0,54225.446
197603.0,1826.0,26431.0,114649.0,1529579.0,386219.0,71.76,336997624.0,54225.446
205785.0,3333.0,26730.0,117528.0,1988864.0,450526.0,71.76,336997624.0,54225.446
220839.0,3314.0,26928.0,118106.0,2281252.0,576350.0,71.76,336997624.0,54225.446
211533.0,2859.0,26714.0,116274.0,1892296.0,197302.0,71.76,336997624.0,54225.446
125351.0,1498.0,26559.0,113496.0,1078263.0,12737.0,71.76,336997624.0,54225.446
217993.0,1912.0,26734.0,115521.0,994670.0,142390.0,71.76,336997624.0,54225.446
136279.0,1430.0,27063.0,118988.0,950263.0,96265.0,71.76,336997624.0,54225.446
174860.0,1898.0,27519.0,121425.0,1310231.0,595371.0,71.76,336997624.0,54225.446
206709.0,3577.0,27782.0,122665.0,1887954.0,726471.0,71.76,336997624.0,54225.446
218845.0,3856.0,27697.0,123922.0,2193039.0,846643.0,71.76,336997624.0,54225.446
313914.0,3250.0,27748.0,123347.0,1925018.0,424137.0,71.76,336997624.0,54225.446
177209.0,2203.0,27471.0,121053.0,1256463.0,124870.0,71.76,336997624.0,54225.446
272440.0,2520.0,27614.0,122668.0,1119070.0,266038.0,71.76,336997624.0,54225.446
203228.0,1422.0,28006.0,125595.0,1052326.0,140220.0,71.76,336997624.0,54225.446
186977.0,2012.0,28266.0,127427.0,1409827.0,662965.0,71.76,336997624.0,54225.446
232162.0,3572.0,28528.0,128859.0,1974693.0,838132.0,71.76,336997624.0,54225.446
259836.0,3873.0,28608.0,129800.0,2340145.0,1027537.0,71.76,336997624.0,54225.446
285049.0,3998.0,28491.0,128814.0,2262956.0,1174427.0,71.76,336997624.0,54225.446
303002.0,4154.0,28365.0,127888.0,2153279.0,1241454.0,71.76,336997624.0,54225.446
263443.0,3202.0,28187.0,126420.0,1720578.0,511349.0,71.76,336997624.0,54225.446
209833.0,2090.0,28370.0,126533.0,1170635.0,253047.0,71.76,336997624.0,54225.446
204760.0,1857.0,28739.0,127641.0,1532022.0,1075645.0,71.76,336997624.0,54225.446
222369.0,4374.0,28891.0,127090.0,2038465.0,1264562.0,71.76,336997624.0,54225.446
228724.0,3988.0,28727.0,126556.0,2119448.0,1331286.0,71.76,336997624.0,54225.446
235033.0,3777.0,28527.0,133263.0,2091637.0,1323075.0,71.76,336997624.0,54225.446
244236.0,3815.0,28422.0,123785.0,2051185.0,1264355.0,71.76,336997624.0,54225.446
216996.0,3552.0,28120.0,121134.0,1598624.0,651163.0,71.76,336997624.0,54225.446
176149.0,1980.0,27891.0,120830.0,1077937.0,306784.0,71.76,336997624.0,54225.446
141353.0,1579.0,27831.0,120422.0,1296443.0,893191.0,71.76,336997624.0,54225.446
157019.0,2404.0,27584.0,119384.0,1818812.0,1355483.0,71.76,336997624.0,54225.446
187682.0,4395.0,26998.0,117115.0,2144966.0,1613253.0,71.76,336997624.0,54225.446
192167.0,4100.0,26517.0,114097.0,2069101.0,1640432.0,71.76,336997624.0,54225.446
191364.0,3777.0,26006.0,111831.0,1939367.0,1642902.0,71.76,336997624.0,54225.446
177256.0,3524.0,25364.0,108122.0,1555838.0,909868.0,71.76,336997624.0,54225.446
139790.0,1826.0,25121.0,107004.0,1009167.0,402438.0,71.76,336997624.0,54225.446
130043.0,1781.0,25003.0,106268.0,1243609.0,1379447.0,71.76,336997624.0,54225.446
151319.0,3980.0,24897.0,104627.0,1795052.0,1668840.0,71.76,336997624.0,54225.446
155204.0,4065.0,24353.0,102636.0,2078955.0,1937367.0,71.76,336997624.0,54225.446
166771.0,3805.0,23786.0,100050.0,1920156.0,1967159.0,71.76,336997624.0,54225.446
163314.0,3564.0,23121.0,96109.0,1857729.0,1921305.0,71.76,336997624.0,54225.446
150362.0,2856.0,22708.0,92546.0,1448747.0,1020552.0,71.76,336997624.0,54225.446
112557.0,1931.0,22503.0,91436.0,952131.0,460251.0,71.76,336997624.0,54225.446
125894.0,1779.0,22230.0,90582.0,1038973.0,1405250.0,71.76,336997624.0,54225.446
117510.0,3536.0,21767.0,89004.0,1641847.0,1703958.0,71.76,336997624.0,54225.446
124473.0,3866.0,21404.0,87275.0,1880127.0,2146648.0,68.06,336997624.0,54225.446
124681.0,3885.0,20872.0,84602.0,1940461.0,2352558.0,68.06,336997624.0,54225.446
130422.0,3663.0,20354.0,82137.0,1840036.0,2365349.0,68.06,336997624.0,54225.446
116229.0,2726.0,19863.0,79111.0,1339279.0,1304768.0,68.06,336997624.0,54225.446
89163.0,1461.0,19377.0,77864.0,832015.0,445866.0,68.06,336997624.0,54225.446
83219.0,1450.0,19328.0,76870.0,1050833.0,1585549.0,68.06,336997624.0,54225.446
95715.0,3034.0,18929.0,75626.0,1702272.0,1979834.0,68.06,336997624.0,54225.446
95714.0,3362.0,18313.0,72845.0,1650095.0,2314596.0,68.06,336997624.0,54225.446
106182.0,3161.0,17714.0,70107.0,1425452.0,2415697.0,68.06,336997624.0,54225.446
99569.0,2842.0,17334.0,67536.0,1420178.0,2596422.0,68.06,336997624.0,54225.446
90327.0,2251.0,16865.0,64759.0,1105793.0,1479731.0,68.06,336997624.0,54225.446
68200.0,1151.0,16350.0,63297.0,666277.0,593653.0,68.06,336997624.0,54225.446
56174.0,947.0,16227.0,62214.0,804406.0,1184580.0,68.06,336997624.0,54225.446
59833.0,1643.0,15921.0,61504.0,1257842.0,1627576.0,68.06,336997624.0,54225.446
69005.0,2407.0,15579.0,62245.0,1478588.0,1975113.0,68.06,336997624.0,54225.446
72259.0,2558.0,15024.0,58308.0,1421213.0,1866821.0,68.06,336997624.0,54225.446
74881.0,2514.0,14492.0,56738.0,1360559.0,1972924.0,68.06,336997624.0,54225.446
73475.0,1913.0,14109.0,54401.0,1062088.0,1311461.0,68.06,336997624.0,54225.446
55285.0,1209.0,13724.0,53614.0,685939.0,599725.0,68.06,336997624.0,54225.446
56081.0,1210.0,13671.0,53026.0,1046296.0,1469182.0,68.06,336997624.0,54225.446
73840.0,2260.0,13354.0,51984.0,1652105.0,1946265.0,68.06,336997624.0,54225.446
75018.0,3217.0,12891.0,50956.0,1698083.0,2534601.0,68.06,336997624.0,54225.446
77082.0,2414.0,12464.0,49045.0,1619506.0,2944329.0,68.06,336997624.0,54225.446
74945.0,2131.0,12165.0,47227.0,1484532.0,3121064.0,68.06,336997624.0,54225.446
70811.0,1513.0,11716.0,45334.0,1079056.0,1997990.0,68.06,336997624.0,54225.446
51651.0,1086.0,11552.0,44872.0,636377.0,857904.0,68.06,336997624.0,54225.446
50158.0,1317.0,11362.0,43721.0,1001190.0,2083895.0,68.06,336997624.0,54225.446
58672.0,1914.0,11040.0,42650.0,1619773.0,2473845.0,68.06,336997624.0,54225.446
67089.0,2524.0,10744.0,42153.0,1747119.0,2915726.0,68.06,336997624.0,54225.446
68480.0,1925.0,10556.0,40175.0,1561736.0,3211440.0,64.35,336997624.0,54225.446
67209.0,1715.0,10323.0,39581.0,1439062.0,3243012.0,64.35,336997624.0,54225.446
60742.0,1520.0,10029.0,38206.0,1069884.0,2069710.0,64.35,336997624.0,54225.446
41541.0,701.0,9848.0,37769.0,612397.0,933810.0,64.35,336997624.0,54225.446
44805.0,717.0,9790.0,37687.0,983512.0,2174947.0,64.35,336997624.0,54225.446
55825.0,1761.0,9612.0,37040.0,1548198.0,2722187.0,64.35,336997624.0,54225.446
57717.0,1537.0,9455.0,36661.0,1623947.0,3145989.0,64.35,336997624.0,54225.446
61767.0,1542.0,9242.0,35914.0,1507440.0,3468234.0,64.35,336997624.0,54225.446
62270.0,1422.0,9120.0,35647.0,1405092.0,3450875.0,64.35,336997624.0,54225.446
56272.0,968.0,8907.0,34983.0,1028405.0,2197712.0,64.35,336997624.0,54225.446
38562.0,515.0,8775.0,34412.0,580891.0,985606.0,64.35,336997624.0,54225.446
51570.0,705.0,8787.0,34701.0,954448.0,2283139.0,64.35,336997624.0,54225.446
55075.0,1253.0,8736.0,34577.0,1505118.0,2892535.0,64.35,336997624.0,54225.446
59883.0,1195.0,8682.0,34595.0,1623642.0,3171749.0,64.35,336997624.0,54225.446
62204.0,1631.0,8521.0,34104.0,1480244.0,3401692.0,64.35,336997624.0,54225.446
60917.0,1023.0,8422.0,34035.0,1349255.0,3321454.0,64.35,336997624.0,54225.446
58246.0,771.0,8241.0,33214.0,991729.0,2164011.0,64.35,336997624.0,54225.446
35408.0,707.0,8127.0,33283.0,615497.0,1025980.0,64.35,336997624.0,54225.446
48435.0,554.0,8347.0,33742.0,979485.0,2355608.0,64.35,336997624.0,54225.446
52765.0,945.0,8379.0,33996.0,1535947.0,3057867.0,58.8,336997624.0,54225.446
87835.0,1462.0,8488.0,34367.0,1663481.0,3552468.0,58.8,336997624.0,54225.446
67394.0,1345.0,8338.0,34362.0,1452746.0,3822941.0,58.8,336997624.0,54225.446
76143.0,1156.0,8329.0,34634.0,1378836.0,3812373.0,58.8,336997624.0,54225.446
63777.0,805.0,8201.0,33946.0,1001041.0,2476610.0,58.8,336997624.0,54225.446
46372.0,442.0,8359.0,34464.0,624619.0,1211700.0,58.8,336997624.0,54225.446
66675.0,636.0,8439.0,35027.0,1012298.0,2835078.0,55.51,336997624.0,54225.446
62233.0,892.0,8572.0,35418.0,1536744.0,3588947.0,55.5,336997624.0,54225.446
69410.0,1071.0,8502.0,35567.0,1585780.0,4171747.0,55.48,336997624.0,54225.446
76850.0,1100.0,8470.0,35571.0,1447288.0,4567102.0,55.46,336997624.0,54225.446
73881.0,892.0,8466.0,35607.0,1347899.0,3641900.0,55.45,336997624.0,54225.446
64491.0,756.0,8541.0,35195.0,972528.0,2305161.0,55.44,336997624.0,54225.446
37867.0,313.0,8606.0,35675.0,565221.0,765320.0,55.43,336997624.0,54225.446
68261.0,465.0,8849.0,36624.0,951736.0,3100153.0,55.42,336997624.0,54225.446
63389.0,831.0,9012.0,37551.0,1555863.0,3970995.0,55.4,336997624.0,54225.446
75764.0,2602.0,9024.0,37748.0,1670398.0,4355764.0,55.38,336997624.0,54225.446
79840.0,1013.0,9194.0,37953.0,1519384.0,4494841.0,55.36,336997624.0,54225.446
84423.0,903.0,9145.0,37856.0,1453824.0,4308139.0,55.34,336997624.0,54225.446
70340.0,760.0,9130.0,37546.0,1012634.0,2889794.0,55.33,336997624.0,54225.446
47323.0,292.0,9245.0,38089.0,645675.0,1401230.0,55.32,336997624.0,54225.446
63236.0,453.0,9452.0,38927.0,1057190.0,3022079.0,55.31,336997624.0,54225.446
80695.0,864.0,9536.0,39201.0,1614442.0,3481762.0,55.29,336997624.0,54225.446
74885.0,937.0,9581.0,39469.0,1677285.0,3704924.0,55.27,336997624.0,54225.446
74313.0,908.0,9476.0,39188.0,1486017.0,3756888.0,55.26,336997624.0,54225.446
82764.0,870.0,9530.0,39406.0,1457318.0,3611126.0,55.24,336997624.0,54225.446
55359.0,709.0,9551.0,39012.0,1009009.0,2368221.0,55.23,336997624.0,54225.446
43820.0,350.0,9632.0,39460.0,613233.0,1135678.0,55.23,336997624.0,54225.446
59871.0,496.0,9828.0,40212.0,1020697.0,2589227.0,55.22,336997624.0,54225.446
62312.0,837.0,9918.0,40206.0,1571575.0,3237671.0,55.2,336997624.0,54225.446
64707.0,898.0,9916.0,40046.0,1656011.0,3484767.0,55.18,336997624.0,54225.446
66186.0,941.0,9842.0,39201.0,1498558.0,3505503.0,55.17,336997624.0,54225.446
62674.0,763.0,9705.0,38562.0,1412186.0,3307422.0,55.15,336997624.0,54225.446
54285.0,750.0,9572.0,37357.0,995672.0,2213283.0,55.14,336997624.0,54225.446
34405.0,309.0,9546.0,37133.0,590769.0,995533.0,55.14,336997624.0,54225.446
43308.0,481.0,9759.0,37540.0,999611.0,2397871.0,55.12,336997624.0,54225.446
52031.0,666.0,9665.0,37207.0,1575316.0,2904344.0,55.11,336997624.0,54225.446
55867.0,984.0,9535.0,36881.0,1581606.0,3098534.0,55.09,336997624.0,54225.446
57686.0,884.0,9371.0,35989.0,1422330.0,3058426.0,55.08,336997624.0,54225.446
57733.0,804.0,9242.0,35364.0,1316420.0,2920768.0,55.06,336997624.0,54225.446
48164.0,749.0,9105.0,34005.0,905273.0,1864465.0,55.05,336997624.0,54225.446
30591.0,323.0,9075.0,33764.0,523020.0,881744.0,55.05,336997624.0,54225.446
45398.0,486.0,9209.0,33964.0,897890.0,1968991.0,55.03,336997624.0,54225.446
42726.0,874.0,9180.0,33755.0,1423827.0,2507643.0,55.02,336997624.0,54225.446
45818.0,814.0,8951.0,33339.0,1532197.0,2560193.0,55.0,336997624.0,54225.446
45929.0,796.0,8833.0,32505.0,1311495.0,2532298.0,54.99,336997624.0,54225.446
48190.0,758.0,8646.0,31832.0,1179260.0,2519061.0,54.97,336997624.0,54225.446
34945.0,639.0,8468.0,30635.0,853463.0,1541384.0,54.96,336997624.0,54225.446
22738.0,263.0,8359.0,30154.0,485271.0,617005.0,54.17,336997624.0,54225.446
32814.0,402.0,8341.0,29987.0,860803.0,1610644.0,54.17,336997624.0,54225.446
35282.0,680.0,8298.0,29482.0,1337090.0,2055290.0,56.94,336997624.0,54225.446
35974.0,766.0,8114.0,29113.0,1345783.0,2024382.0,56.94,336997624.0,54225.446
37879.0,747.0,7917.0,28174.0,1196360.0,2285815.0,56.94,336997624.0,54225.446
41595.0,631.0,7628.0,27422.0,1087337.0,2460580.0,56.94,336997624.0,54225.446
30467.0,524.0,7409.0,26184.0,788706.0,1853118.0,56.94,336997624.0,54225.446
17632.0,269.0,7270.0,25646.0,454576.0,935798.0,56.94,336997624.0,54225.446
25549.0,402.0,7299.0,25563.0,798919.0,1829889.0,56.94,336997624.0,54225.446
29010.0,781.0,7163.0,25023.0,1215395.0,2081203.0,56.94,336997624.0,54225.446
29067.0,654.0,7056.0,24925.0,1181316.0,2095167.0,56.94,336997624.0,54225.446
29997.0,684.0,6841.0,23954.0,1009421.0,2026650.0,56.94,336997624.0,54225.446
28678.0,602.0,6664.0,23397.0,986733.0,2069383.0,56.94,336997624.0,54225.446
20898.0,488.0,6472.0,22643.0,710170.0,1453914.0,56.94,336997624.0,54225.446
13785.0,205.0,6412.0,22445.0,409150.0,659578.0,56.02,336997624.0,54225.446
22176.0,441.0,6419.0,22431.0,713161.0,1326725.0,56.02,336997624.0,54225.446
23799.0,639.0,6311.0,22087.0,1074752.0,1442762.0,56.02,336997624.0,54225.446
24373.0,985.0,6138.0,21598.0,1051765.0,1439626.0,56.02,336997624.0,54225.446
26533.0,1350.0,6000.0,21056.0,928543.0,1353502.0,56.02,336997624.0,54225.446
21928.0,534.0,5778.0,20398.0,839535.0,1335764.0,56.02,336997624.0,54225.446
12974.0,328.0,5606.0,19474.0,580022.0,767507.0,56.02,336997624.0,54225.446
7204.0,148.0,5525.0,19062.0,360333.0,385968.0,56.02,336997624.0,54225.446
6349.0,181.0,5542.0,18678.0,316451.0,203525.0,56.02,336997624.0,54225.446
21098.0,642.0,5489.0,18657.0,709780.0,1282254.0,56.02,336997624.0,54225.446
16587.0,561.0,5322.0,18083.0,1110518.0,1124420.0,56.02,336997624.0,54225.446
17983.0,631.0,5175.0,17634.0,989558.0,1252791.0,56.02,336997624.0,54225.446
17536.0,517.0,4995.0,16970.0,870163.0,1409255.0,56.02,336997624.0,54225.446
15156.0,584.0,4768.0,16298.0,617069.0,1075095.0,56.02,336997624.0,54225.446
5896.0,170.0,4677.0,15987.0,368902.0,518457.0,56.02,336997624.0,54225.446
14193.0,310.0,4685.0,15742.0,644859.0,1076781.0,56.02,336997624.0,54225.446
12795.0,309.0,4608.0,15630.0,886154.0,1180930.0,56.02,336997624.0,54225.446
18207.0,475.0,4478.0,15262.0,867847.0,1172312.0,56.02,336997624.0,54225.446
14520.0,403.0,4383.0,14838.0,785045.0,1174994.0,56.02,336997624.0,54225.446
24512.0,526.0,4300.0,14421.0,764585.0,1237944.0,56.02,336997624.0,54225.446
8821.0,268.0,4186.0,13940.0,557593.0,896507.0,56.02,336997624.0,54225.446
5026.0,112.0,4049.0,13957.0,345635.0,395210.0,56.02,336997624.0,54225.446
11906.0,189.0,4068.0,13929.0,598005.0,918534.0,58.95,336997624.0,54225.446
10646.0,323.0,3939.0,13722.0,832178.0,983421.0,58.94,336997624.0,54225.446
11756.0,383.0,3879.0,13494.0,793291.0,949486.0,58.93,336997624.0,54225.446
11516.0,299.0,3806.0,13094.0,725388.0,898294.0,58.92,336997624.0,54225.446
20985.0,600.0,3739.0,12855.0,693999.0,926785.0,58.91,336997624.0,54225.446
8884.0,170.0,3673.0,12483.0,496987.0,576681.0,58.9,336997624.0,54225.446
4925.0,79.0,3663.0,12503.0,333442.0,277997.0,58.9,336997624.0,54225.446
10733.0,259.0,3708.0,12593.0,571046.0,564369.0,58.9,336997624.0,54225.446
10767.0,344.0,3744.0,12539.0,782706.0,758846.0,58.89,336997624.0,54225.446
12498.0,386.0,3700.0,12609.0,764641.0,739541.0,58.88,336997624.0,54225.446
14194.0,341.0,3636.0,12397.0,694855.0,702472.0,58.87,336997624.0,54225.446
24519.0,528.0,3617.0,12408.0,673576.0,770352.0,58.87,336997624.0,54225.446
9059.0,161.0,3562.0,12238.0,492767.0,501167.0,58.86,336997624.0,54225.446
4659.0,75.0,3525.0,12233.0,339027.0,268644.0,58.86,336997624.0,54225.446
13778.0,159.0,3617.0,12510.0,552805.0,557015.0,58.85,336997624.0,54225.446
7528.0,329.0,3676.0,12664.0,697791.0,631082.0,58.85,336997624.0,54225.446
15282.0,300.0,3673.0,12879.0,678281.0,634548.0,58.84,336997624.0,54225.446
14927.0,283.0,3614.0,12865.0,642637.0,614140.0,58.84,336997624.0,54225.446
29616.0,435.0,4027.0,13236.0,600066.0,622972.0,58.83,336997624.0,54225.446
5266.0,83.0,3753.0,12918.0,446885.0,358360.0,58.83,336997624.0,54225.446
4265.0,40.0,3777.0,13121.0,260390.0,50717.0,58.83,336997624.0,54225.446
9161.0,121.0,3883.0,13433.0,307144.0,398523.0,58.82,336997624.0,54225.446
22589.0,305.0,3980.0,13974.0,591839.0,586035.0,58.82,336997624.0,54225.446
20140.0,326.0,4132.0,14664.0,778406.0,572860.0,58.81,336997624.0,54225.446
20879.0,251.0,4297.0,15074.0,725498.0,568299.0,46.77,336997624.0,54225.446
46998.0,462.0,4369.0,15409.0,665708.0,633696.0,46.77,336997624.0,54225.446
10005.0,78.0,4442.0,15710.0,488166.0,401584.0,46.76,336997624.0,54225.446
11760.0,121.0,4637.0,16396.0,342163.0,217147.0,46.76,336997624.0,54225.446
29689.0,235.0,4883.0,17330.0,588459.0,522682.0,46.76,336997624.0,54225.446
26472.0,357.0,5072.0,18204.0,739434.0,528892.0,46.75,336997624.0,54225.446
31152.0,328.0,5255.0,19085.0,759866.0,533993.0,46.75,336997624.0,54225.446
31954.0,356.0,5474.0,19915.0,768654.0,543097.0,46.74,336997624.0,54225.446
78042.0,453.0,5785.0,20874.0,725414.0,624423.0,46.74,336997624.0,54225.446
14042.0,72.0,5994.0,21595.0,526525.0,400699.0,46.73,336997624.0,54225.446
20370.0,95.0,6272.0,22564.0,397013.0,234274.0,46.73,336997624.0,54225.446
49244.0,198.0,6717.0,24261.0,659433.0,568604.0,46.73,336997624.0,54225.446
39922.0,290.0,7115.0,25700.0,901377.0,604057.0,46.72,336997624.0,54225.446
47869.0,363.0,7408.0,27055.0,928496.0,632818.0,46.72,336997624.0,54225.446
56459.0,288.0,7687.0,28605.0,916712.0,650694.0,46.72,336997624.0,54225.446
120830.0,551.0,8097.0,30295.0,881685.0,748311.0,46.71,336997624.0,54225.446
29290.0,136.0,8419.0,31469.0,654174.0,464256.0,46.71,336997624.0,54225.446
28625.0,102.0,8867.0,33406.0,492079.0,260206.0,46.71,336997624.0,54225.446
78731.0,250.0,9448.0,35748.0,785262.0,645157.0,46.7,336997624.0,54225.446
65019.0,458.0,9994.0,38296.0,1035755.0,703414.0,46.7,336997624.0,54225.446
73581.0,383.0,10376.0,40473.0,1107746.0,722686.0,46.69,336997624.0,54225.446
72357.0,318.0,10919.0,42200.0,1110805.0,723244.0,46.69,336997624.0,54225.446
191225.0,885.0,11463.0,44541.0,1049178.0,839801.0,46.68,336997624.0,54225.446
44572.0,175.0,12109.0,46428.0,766133.0,517791.0,46.68,336997624.0,54225.446
45377.0,232.0,12698.0,48538.0,568449.0,335622.0,46.68,336997624.0,54225.446
107751.0,343.0,13481.0,51780.0,967453.0,722645.0,46.68,336997624.0,54225.446
97872.0,586.0,14052.0,54470.0,1266552.0,765369.0,46.67,336997624.0,54225.446
102546.0,546.0,14632.0,56945.0,1322689.0,780759.0,46.67,336997624.0,54225.446
109552.0,525.0,15193.0,59587.0,1382334.0,795999.0,46.66,336997624.0,54225.446
251918.0,1132.0,15732.0,62122.0,1337969.0,912483.0,46.66,336997624.0,54225.446
63797.0,266.0,16164.0,63544.0,1006276.0,560420.0,46.65,336997624.0,54225.446
35687.0,135.0,16784.0,66369.0,716086.0,352124.0,46.65,336997624.0,54225.446
158634.0,515.0,17707.0,69838.0,1134023.0,786523.0,46.65,336997624.0,54225.446
118140.0,834.0,18264.0,72521.0,1440071.0,804069.0,49.42,336997624.0,54225.446
154611.0,805.0,19013.0,74823.0,1532919.0,773094.0,49.41,336997624.0,54225.446
143804.0,1031.0,19537.0,76968.0,1533427.0,808139.0,49.41,336997624.0,54225.446
226939.0,1059.0,20076.0,78580.0,1530968.0,951398.0,52.05,336997624.0,54225.446
74104.0,270.0,20401.0,79622.0,1129262.0,627335.0,52.04,336997624.0,54225.446
47863.0,216.0,21077.0,81624.0,795488.0,401515.0,52.04,336997624.0,54225.446
193595.0,1040.0,21673.0,84313.0,1281773.0,874434.0,53.78,336997624.0,54225.446
151054.0,1022.0,22303.0,86744.0,1608743.0,928635.0,53.76,336997624.0,54225.446
167344.0,1205.0,22693.0,88626.0,1706521.0,958121.0,53.74,336997624.0,54225.446
155324.0,1785.0,23034.0,89428.0,1653511.0,949719.0,53.73,336997624.0,54225.446
239412.0,1462.0,23399.0,90191.0,1546171.0,1112169.0,53.7,336997624.0,54225.446
93506.0,574.0,23653.0,90417.0,1177444.0,669528.0,53.69,336997624.0,54225.446
45360.0,216.0,24082.0,92239.0,840315.0,392841.0,53.68,336997624.0,54225.446
206407.0,1336.0,24559.0,94682.0,1323025.0,924032.0,53.66,336997624.0,54225.446
154986.0,1432.0,25053.0,95992.0,1812961.0,954411.0,56.61,336997624.0,54225.446
179133.0,1557.0,25062.0,95976.0,1956837.0,971087.0,56.6,336997624.0,54225.446
183774.0,2218.0,25249.0,96370.0,1964454.0,994126.0,56.59,336997624.0,54225.446
238387.0,1740.0,25365.0,96192.0,1895469.0,1174912.0,56.58,336997624.0,54225.446
80137.0,650.0,25435.0,95071.0,1438616.0,714917.0,56.57,336997624.0,54225.446
53178.0,327.0,25781.0,96125.0,985069.0,432230.0,56.56,336997624.0,54225.446
228186.0,1712.0,25919.0,97200.0,1459537.0,935192.0,56.55,336997624.0,54225.446
179825.0,1447.0,25904.0,97821.0,1974876.0,940402.0,56.54,336997624.0,54225.446
190659.0,2048.0,25963.0,97992.0,2040871.0,948690.0,52.49,336997624.0,54225.446
179047.0,3012.0,26045.0,97811.0,1972663.0,899097.0,52.48,336997624.0,54225.446
235293.0,1939.0,25961.0,96835.0,1870533.0,1044906.0,52.47,336997624.0,54225.446
87299.0,652.0,25609.0,95082.0,1363164.0,562851.0,52.47,336997624.0,54225.446
64683.0,427.0,25630.0,95280.0,994174.0,367899.0,52.46,336997624.0,54225.446
89862.0,608.0,25801.0,95910.0,825336.0,178482.0,52.46,336997624.0,54225.446
210486.0,2095.0,26099.0,96810.0,1407080.0,913537.0,52.45,336997624.0,54225.446
177557.0,2320.0,25998.0,96485.0,2047361.0,849722.0,52.44,336997624.0,54225.446
166665.0,3228.0,25925.0,95684.0,2071758.0,852506.0,52.44,336997624.0,54225.446
241813.0,2460.0,25747.0,94559.0,2070230.0,1039682.0,52.43,336997624.0,54225.446
90451.0,843.0,25326.0,91979.0,1536343.0,602353.0,52.42,336997624.0,54225.446
49571.0,382.0,25292.0,91541.0,988024.0,353259.0,52.42,336997624.0,54225.446
208004.0,2157.0,25514.0,92158.0,1494404.0,785072.0,52.41,336997624.0,54225.446
145403.0,1929.0,25218.0,90633.0,1892123.0,754095.0,52.4,336997624.0,54225.446
173422.0,2736.0,24877.0,89538.0,2131656.0,768021.0,52.4,336997624.0,54225.446
158610.0,3493.0,24734.0,88250.0,2018344.0,765285.0,52.39,336997624.0,54225.446
210724.0,2453.0,24435.0,86780.0,1923485.0,908223.0,52.38,336997624.0,54225.446
76179.0,1007.0,23978.0,84373.0,1397955.0,524642.0,52.37,336997624.0,54225.446
46003.0,403.0,23779.0,83494.0,962932.0,310780.0,52.37,336997624.0,54225.446
169477.0,2307.0,23686.0,83675.0,1391491.0,701512.0,52.36,336997624.0,54225.446
121851.0,2451.0,23536.0,82358.0,1931957.0,681458.0,52.36,336997624.0,54225.446
131733.0,2693.0,23127.0,80843.0,2069730.0,669014.0,52.35,336997624.0,54225.446
129035.0,3308.0,22585.0,79242.0,2002182.0,679280.0,52.34,336997624.0,54225.446
174675.0,2485.0,22185.0,77387.0,1921589.0,987489.0,52.33,336997624.0,54225.446
61789.0,854.0,21727.0,74807.0,1357531.0,673047.0,52.33,336997624.0,54225.446
55627.0,590.0,21543.0,74161.0,880745.0,409977.0,52.33,336997624.0,54225.446
153986.0,2258.0,21256.0,73886.0,1233877.0,1030390.0,52.32,336997624.0,54225.446
113181.0,2518.0,20882.0,72525.0,1881823.0,1135069.0,52.32,336997624.0,54225.446
122007.0,2642.0,20400.0,70704.0,2020341.0,1142805.0,52.31,336997624.0,54225.446
110083.0,2828.0,19802.0,68918.0,1940768.0,1168929.0,52.3,336997624.0,54225.446
154908.0,2132.0,19272.0,67124.0,1832789.0,1339179.0,52.3,336997624.0,54225.446
49729.0,852.0,18942.0,64834.0,1323949.0,631744.0,52.29,336997624.0,54225.446
46228.0,542.0,18770.0,64381.0,805932.0,367325.0,52.29,336997624.0,54225.446
140693.0,1929.0,18674.0,64487.0,1278624.0,987675.0,52.28,336997624.0,54225.446
95494.0,1893.0,18261.0,63508.0,1851739.0,1020285.0,52.28,336997624.0,54225.446
112870.0,2660.0,17911.0,62376.0,1985311.0,1036191.0,52.27,336997624.0,54225.446
101047.0,2474.0,17482.0,61095.0,1910434.0,1037889.0,52.27,336997624.0,54225.446
130630.0,1804.0,17010.0,59461.0,1793128.0,1164159.0,52.26,336997624.0,54225.446
40291.0,451.0,17622.0,57940.0,1240908.0,537072.0,52.26,336997624.0,54225.446
40993.0,493.0,18131.0,57496.0,728860.0,315593.0,52.26,336997624.0,54225.446
92920.0,1180.0,18096.0,57618.0,1159933.0,855362.0,52.25,336997624.0,54225.446
110968.0,2296.0,17969.0,56985.0,1665009.0,932384.0,52.25,336997624.0,54225.446
108420.0,3187.0,17748.0,55885.0,1867700.0,912872.0,52.24,336997624.0,54225.446
86119.0,2191.0,17281.0,54564.0,1885776.0,916435.0,52.24,336997624.0,54225.446
108853.0,1821.0,17015.0,53358.0,1722893.0,1059477.0,52.23,336997624.0,54225.446
41333.0,598.0,16459.0,51837.0,1201912.0,493262.0,52.23,336997624.0,54225.446
33171.0,480.0,16271.0,51504.0,701870.0,270141.0,52.23,336997624.0,54225.446
96661.0,1766.0,16486.0,51723.0,1235924.0,834878.0,52.23,336997624.0,54225.446
82640.0,1967.0,16269.0,50595.0,1725236.0,826619.0,52.22,336997624.0,54225.446
92313.0,3189.0,15970.0,49311.0,1891143.0,841662.0,52.22,336997624.0,54225.446
77275.0,2018.0,15606.0,48405.0,1847381.0,864470.0,52.21,336997624.0,54225.446
95979.0,1873.0,15395.0,47454.0,1624157.0,1384288.0,52.21,336997624.0,54225.446
34266.0,573.0,14962.0,46398.0,1108680.0,830152.0,52.21,336997624.0,54225.446
20952.0,280.0,14720.0,46114.0,636856.0,473391.0,52.21,336997624.0,54225.446
109495.0,1467.0,14913.0,46380.0,1160718.0,1530469.0,52.2,336997624.0,54225.446
67632.0,1607.0,14854.0,45821.0,1688460.0,1570199.0,52.2,336997624.0,54225.446
102527.0,2064.0,14704.0,45003.0,1809635.0,1627985.0,52.19,336997624.0,54225.446
74531.0,1856.0,14419.0,44195.0,1699401.0,1615638.0,52.19,336997624.0,54225.446
94833.0,1734.0,12455.0,43513.0,1562616.0,1793035.0,52.18,336997624.0,54225.446
36242.0,399.0,12152.0,42766.0,1060248.0,820995.0,52.18,336997624.0,54225.446
34006.0,258.0,12092.0,42513.0,617070.0,438945.0,52.18,336997624.0,54225.446
109869.0,1253.0,12108.0,42623.0,1061722.0,1488190.0,52.18,336997624.0,54225.446
70026.0,1290.0,11947.0,42291.0,1649184.0,1508795.0,52.17,336997624.0,54225.446
86775.0,1989.0,11766.0,41982.0,1903268.0,1572915.0,52.17,336997624.0,54225.446
81253.0,1202.0,11555.0,41357.0,1762772.0,1649620.0,52.17,336997624.0,54225.446
97139.0,2123.0,11341.0,40945.0,1599565.0,1926120.0,52.16,336997624.0,54225.446
37249.0,507.0,11231.0,40176.0,1123158.0,1043712.0,52.16,336997624.0,54225.446
38970.0,229.0,11210.0,40472.0,837990.0,559522.0,52.16,336997624.0,54225.446
107370.0,1213.0,11332.0,41349.0,1254836.0,1474248.0,49.96,336997624.0,54225.446
79906.0,1452.0,11356.0,41731.0,1874193.0,1650541.0,49.95,336997624.0,54225.446
95240.0,1697.0,11289.0,41806.0,1835070.0,1786223.0,49.94,336997624.0,54225.446
57525.0,901.0,11280.0,41718.0,1737473.0,1609105.0,49.94,336997624.0,54225.446
144143.0,2453.0,11271.0,41633.0,1495151.0,2002306.0,49.93,336997624.0,54225.446
46147.0,599.0,11296.0,41372.0,1119447.0,1181750.0,49.92,336997624.0,54225.446
33871.0,230.0,11264.0,41872.0,777700.0,582161.0,49.92,336997624.0,54225.446
131104.0,1285.0,11534.0,43286.0,1263083.0,1563128.0,49.91,336997624.0,54225.446
87983.0,1322.0,11599.0,44007.0,1860890.0,1694585.0,51.57,336997624.0,54225.446
112533.0,1668.0,11664.0,44366.0,1968988.0,1773382.0,51.57,336997624.0,54225.446
108542.0,1338.0,11792.0,45095.0,1898230.0,1801310.0,51.56,336997624.0,54225.446
126266.0,1770.0,11823.0,45157.0,1672030.0,2090302.0,51.55,336997624.0,54225.446
47176.0,475.0,11785.0,44825.0,1144343.0,1240446.0,51.55,336997624.0,54225.446
41495.0,248.0,11973.0,45373.0,763225.0,649897.0,51.55,336997624.0,54225.446
141002.0,1250.0,12296.0,46834.0,1154537.0,1829174.0,51.54,336997624.0,54225.446
91629.0,1359.0,12329.0,47703.0,1626358.0,1801767.0,51.54,336997624.0,54225.446
111361.0,1699.0,12448.0,47901.0,1660588.0,1395647.0,51.53,336997624.0,54225.446
37350.0,485.0,12471.0,47297.0,756215.0,28625.0,51.53,336997624.0,54225.446
54684.0,389.0,12654.0,48189.0,764599.0,1212736.0,51.52,336997624.0,54225.446
28395.0,337.0,12849.0,49069.0,906229.0,897301.0,54.87,336997624.0,54225.446
45080.0,277.0,13105.0,50165.0,819526.0,594166.0,54.87,336997624.0,54225.446
185167.0,1918.0,13379.0,51813.0,1368784.0,1676314.0,54.86,336997624.0,54225.446
117528.0,1645.0,13545.0,52644.0,1893848.0,1941446.0,48.7,336997624.0,54225.446
136962.0,2003.0,13671.0,53311.0,1970662.0,2192701.0,48.69,336997624.0,54225.446
138201.0,3886.0,13772.0,53587.0,2047338.0,2185129.0,48.67,336997624.0,54225.446
157960.0,1612.0,13888.0,54392.0,1937242.0,2465443.0,48.66,336997624.0,54225.446
67883.0,699.0,13942.0,54572.0,1370251.0,1492325.0,48.64,336997624.0,54225.446
56443.0,412.0,14149.0,55670.0,818558.0,734742.0,48.63,336997624.0,54225.446
175124.0,1429.0,14455.0,57447.0,1295034.0,1842698.0,48.62,336997624.0,54225.446
112319.0,1517.0,14771.0,58938.0,1948476.0,1923002.0,48.61,336997624.0,54225.446
149421.0,1823.0,14901.0,59721.0,2053146.0,1938856.0,48.59,336997624.0,54225.446
123780.0,1552.0,14992.0,60371.0,1916525.0,1938134.0,48.58,336997624.0,54225.446
157509.0,1753.0,15236.0,61162.0,1852575.0,2125826.0,48.57,336997624.0,54225.446
57609.0,624.0,15326.0,60921.0,1304550.0,1263170.0,48.56,336997624.0,54225.446
53365.0,370.0,15595.0,61722.0,810335.0,634313.0,48.55,336997624.0,54225.446
183420.0,1394.0,15914.0,63084.0,1361115.0,1625949.0,48.54,336997624.0,54225.446
113226.0,1517.0,15993.0,63244.0,1972370.0,1726886.0,48.53,336997624.0,54225.446
145717.0,2236.0,15896.0,63226.0,2123232.0,1730700.0,48.52,336997624.0,54225.446
142017.0,1269.0,15909.0,63105.0,2094633.0,1700667.0,48.51,336997624.0,54225.446
192617.0,1864.0,15941.0,63090.0,1995986.0,1950345.0,48.5,336997624.0,54225.446
81536.0,679.0,15906.0,62004.0,1483232.0,1125475.0,48.5,336997624.0,54225.446
90899.0,320.0,15983.0,62545.0,1040910.0,643021.0,48.5,336997624.0,54225.446
241270.0,1552.0,16210.0,63764.0,1578182.0,1849828.0,48.49,336997624.0,54225.446
182157.0,1914.0,16148.0,64086.0,2218970.0,1981258.0,48.48,336997624.0,54225.446
247995.0,4185.0,16251.0,65043.0,2420469.0,1874262.0,48.47,336997624.0,54225.446
274126.0,1407.0,16187.0,65661.0,2406280.0,1468667.0,48.46,336997624.0,54225.446
248182.0,689.0,16240.0,65821.0,1787193.0,381701.0,48.46,336997624.0,54225.446
88254.0,242.0,16356.0,66446.0,947337.0,6811.0,48.46,336997624.0,54225.446
183884.0,370.0,16590.0,69732.0,968032.0,481192.0,48.46,336997624.0,54225.446
506098.0,1846.0,17075.0,74692.0,1718188.0,1531887.0,51.23,336997624.0,54225.446
372467.0,2292.0,17274.0,79671.0,2314739.0,1699497.0,51.22,336997624.0,54225.446
511588.0,2368.0,17830.0,85506.0,2344159.0,1684547.0,51.21,336997624.0,54225.446
597687.0,1490.0,18158.0,89961.0,2363780.0,1541558.0,51.2,336997624.0,54225.446
511861.0,730.0,18382.0,93776.0,2017702.0,615987.0,47.69,336997624.0,54225.446
191884.0,401.0,18863.0,96560.0,1260066.0,113165.0,47.69,336997624.0,54225.446
296105.0,406.0,19606.0,102693.0,1346665.0,498679.0,47.69,336997624.0,54225.446
1043803.0,1903.0,20341.0,108778.0,2260395.0,1244955.0,47.68,336997624.0,54225.446
828348.0,2331.0,21040.0,114863.0,2948453.0,1419417.0,47.66,336997624.0,54225.446
676489.0,2230.0,21529.0,121461.0,3201706.0,1456718.0,47.65,336997624.0,54225.446
843626.0,2096.0,22134.0,126993.0,3180906.0,1466208.0,47.64,336997624.0,54225.446
879801.0,2437.0,22862.0,131875.0,2916144.0,1652638.0,47.63,336997624.0,54225.446
407330.0,870.0,23150.0,133605.0,2200197.0,1050622.0,47.62,336997624.0,54225.446
492959.0,619.0,23800.0,137280.0,1657732.0,498827.0,47.61,336997624.0,54225.446
1355363.0,2054.0,24487.0,142248.0,2139299.0,1262803.0,47.6,336997624.0,54225.446
786579.0,2522.0,25081.0,145834.0,2690654.0,1312572.0,47.59,336997624.0,54225.446
854509.0,2848.0,25328.0,149677.0,2931705.0,1318643.0,47.58,336997624.0,54225.446
864035.0,2559.0,25558.0,151013.0,3023212.0,1297546.0,47.57,336997624.0,54225.446
879820.0,2794.0,25734.0,152054.0,2827437.0,1474280.0,47.56,336997624.0,54225.446
415732.0,1008.0,25802.0,149522.0,2065215.0,792020.0,47.56,336997624.0,54225.446
485640.0,762.0,25867.0,150018.0,1374825.0,391814.0,47.56,336997624.0,54225.446
659292.0,1036.0,26077.0,150910.0,1737047.0,828270.0,47.55,336997624.0,54225.446
1134292.0,2739.0,26372.0,153236.0,2595265.0,1002726.0,47.54,336997624.0,54225.446
910675.0,3478.0,26458.0,154513.0,2959222.0,983949.0,45.75,336997624.0,54225.446
729533.0,2931.0,26283.0,152939.0,2794522.0,941416.0,45.74,336997624.0,54225.446
826946.0,3387.0,26023.0,150245.0,2478009.0,1087203.0,45.73,336997624.0,54225.446
307901.0,1029.0,25679.0,145688.0,1748873.0,622728.0,45.73,336997624.0,54225.446
369799.0,736.0,25528.0,144777.0,1145237.0,332360.0,45.72,336997624.0,54225.446
911201.0,2176.0,25562.0,144760.0,1562060.0,800048.0,45.71,336997624.0,54225.446
492412.0,3157.0,25311.0,143297.0,1945061.0,807122.0,45.7,336997624.0,54225.446
677623.0,3866.0,25073.0,141674.0,2090558.0,795962.0,45.69,336997624.0,54225.446
502997.0,2617.0,24470.0,137503.0,2045471.0,793599.0,45.68,336997624.0,54225.446
613153.0,4092.0,24021.0,133318.0,1887026.0,959684.0,45.67,336997624.0,54225.446
181532.0,1207.0,23432.0,127041.0,1226022.0,472114.0,45.66,336997624.0,54225.446
200362.0,484.0,23196.0,125816.0,763787.0,265814.0,45.66,336997624.0,54225.446
536639.0,2605.0,22909.0,124054.0,1247184.0,633734.0,45.65,336997624.0,54225.446
326511.0,3359.0,22670.0,120533.0,1772758.0,618364.0,45.64,336997624.0,54225.446
327754.0,3592.0,21913.0,117190.0,1892140.0,575726.0,45.63,336997624.0,54225.446
273313.0,2481.0,21330.0,112678.0,1600726.0,523916.0,45.62,336997624.0,54225.446
355070.0,4122.0,20576.0,107689.0,1482899.0,660382.0,45.61,336997624.0,54225.446
87894.0,925.0,19642.0,101694.0,1118504.0,440873.0,45.6,336997624.0,54225.446
84740.0,466.0,19280.0,99087.0,632971.0,214856.0,45.59,336997624.0,54225.446
343406.0,2888.0,18979.0,97280.0,1251055.0,486730.0,45.59,336997624.0,54225.446
213854.0,3002.0,18351.0,93609.0,1647523.0,505170.0,45.58,336997624.0,54225.446
187469.0,3339.0,17716.0,90113.0,1562114.0,514881.0,45.57,336997624.0,54225.446
170351.0,3251.0,17049.0,86057.0,1470496.0,512666.0,45.56,336997624.0,54225.446
208473.0,2700.0,16125.0,81518.0,1405626.0,628108.0,45.55,336997624.0,54225.446
52605.0,822.0,15437.0,76841.0,887709.0,348914.0,45.54,336997624.0,54225.446
59052.0,582.0,14891.0,74350.0,499705.0,153600.0,45.54,336997624.0,54225.446
167622.0,3181.0,14396.0,72105.0,984801.0,343138.0,45.53,336997624.0,54225.446
110498.0,2605.0,13819.0,68725.0,1579440.0,404845.0,45.53,336997624.0,54225.446
113915.0,3187.0,13150.0,65267.0,1641067.0,417485.0,45.52,336997624.0,54225.446
100709.0,2953.0,12552.0,61873.0,1520156.0,410523.0,45.51,336997624.0,54225.446
143975.0,2501.0,11918.0,58664.0,1367808.0,529269.0,45.5,336997624.0,54225.446
31952.0,688.0,11238.0,54818.0,898982.0,283984.0,45.5,336997624.0,54225.446
23498.0,445.0,10778.0,52978.0,459495.0,155112.0,45.5,336997624.0,54225.446
79907.0,916.0,10456.0,51326.0,716286.0,318701.0,45.49,336997624.0,54225.446
89182.0,2172.0,10177.0,49434.0,1222936.0,354141.0,45.48,336997624.0,54225.446
84124.0,3093.0,9631.0,47079.0,1378191.0,344343.0,45.48,336997624.0,54225.446
66462.0,2956.0,9122.0,44421.0,1236642.0,330337.0,45.47,336997624.0,54225.446
73682.0,2084.0,8615.0,42077.0,1132354.0,395285.0,45.47,336997624.0,54225.446
47714.0,761.0,8009.0,39323.0,703980.0,244300.0,45.46,336997624.0,54225.446
18512.0,226.0,7605.0,38005.0,423505.0,123808.0,45.46,336997624.0,54225.446
96908.0,2142.0,7360.0,36982.0,895604.0,316864.0,37.16,336997624.0,54225.446
46403.0,1769.0,7150.0,35347.0,1277396.0,279805.0,37.16,336997624.0,54225.446
53068.0,2092.0,6799.0,33775.0,1245596.0,260145.0,37.15,336997624.0,54225.446
48456.0,1709.0,6489.0,31998.0,1208825.0,256241.0,34.72,336997624.0,54225.446
50692.0,1740.0,6040.0,29871.0,1069972.0,320777.0,34.71,336997624.0,54225.446
15202.0,310.0,5682.0,27804.0,668454.0,183008.0,34.71,336997624.0,54225.446
12599.0,213.0,5493.0,27015.0,355495.0,89535.0,34.71,336997624.0,54225.446
61545.0,1698.0,5346.0,26405.0,793308.0,211886.0,34.7,336997624.0,54225.446
29456.0,1420.0,4988.0,25193.0,1208911.0,216253.0,34.7,336997624.0,54225.446
37023.0,2024.0,4743.0,24180.0,1139611.0,214941.0,34.69,336997624.0,54225.446
45744.0,1772.0,4440.0,22842.0,1014754.0,214877.0,34.69,336997624.0,54225.446
48848.0,1660.0,4174.0,21501.0,1001283.0,261126.0,34.68,336997624.0,54225.446
10457.0,279.0,3882.0,20232.0,633109.0,142785.0,34.68,336997624.0,54225.446
11278.0,193.0,3780.0,19551.0,352023.0,74470.0,34.68,336997624.0,54225.446
34537.0,1312.0,3684.0,19024.0,795472.0,196898.0,34.67,336997624.0,54225.446
23489.0,1081.0,3505.0,18522.0,1225768.0,206143.0,34.67,336997624.0,54225.446
51237.0,1849.0,3454.0,17948.0,1198666.0,208956.0,38.4,336997624.0,54225.446
52014.0,1498.0,3297.0,17395.0,1106967.0,199518.0,38.39,336997624.0,54225.446
31699.0,816.0,3130.0,16541.0,1010778.0,254783.0,38.39,336997624.0,54225.446
11084.0,285.0,3041.0,15661.0,612968.0,145608.0,38.38,336997624.0,54225.446
11651.0,88.0,2938.0,15343.0,354700.0,76119.0,38.38,336997624.0,54225.446
41473.0,1284.0,2870.0,15073.0,778352.0,189995.0,38.38,336997624.0,54225.446
21198.0,775.0,2739.0,14555.0,1145416.0,183851.0,38.37,336997624.0,54225.446
39919.0,1641.0,2594.0,14172.0,1108108.0,193955.0,38.37,336997624.0,54225.446
42085.0,865.0,2500.0,13626.0,990837.0,189859.0,38.36,336997624.0,54225.446
44440.0,620.0,2315.0,13103.0,971421.0,233637.0,38.36,336997624.0,54225.446
9676.0,151.0,2215.0,12577.0,628796.0,124309.0,38.35,336997624.0,54225.446
12020.0,61.0,2171.0,12206.0,336071.0,64393.0,38.35,336997624.0,54225.446
37707.0,1019.0,2135.0,12097.0,706971.0,173678.0,38.35,336997624.0,54225.446
23234.0,988.0,2092.0,11812.0,1054119.0,198196.0,38.35,336997624.0,54225.446
38125.0,1169.0,2027.0,11547.0,1057428.0,402563.0,29.93,336997624.0,54225.446
44490.0,518.0,1950.0,11297.0,953752.0,556270.0,29.92,336997624.0,54225.446
31171.0,832.0,1862.0,10902.0,916164.0,660231.0,29.92,336997624.0,54225.446
12019.0,158.0,1802.0,10529.0,596843.0,345827.0,29.92,336997624.0,54225.446
4989.0,60.0,1794.0,10382.0,315955.0,209966.0,29.92,336997624.0,54225.446
38123.0,594.0,1764.0,10516.0,695601.0,560035.0,29.91,336997624.0,54225.446
24968.0,512.0,1713.0,10480.0,1075474.0,556310.0,29.91,336997624.0,54225.446
39921.0,1128.0,1705.0,10419.0,998924.0,578362.0,29.9,336997624.0,54225.446
49677.0,835.0,1723.0,10402.0,940688.0,584487.0,29.9,336997624.0,54225.446
73200.0,640.0,1682.0,10223.0,916004.0,675326.0,29.9,336997624.0,54225.446
13049.0,145.0,1590.0,9875.0,593723.0,338409.0,29.89,336997624.0,54225.446
9814.0,29.0,1534.0,9867.0,316657.0,196986.0,29.89,336997624.0,54225.446
38122.0,335.0,1568.0,10091.0,682939.0,581430.0,29.89,336997624.0,54225.446
35213.0,594.0,1527.0,10113.0,964748.0,615567.0,29.88,336997624.0,54225.446
56065.0,1040.0,1522.0,10164.0,916567.0,582879.0,29.88,336997624.0,54225.446
47862.0,726.0,1548.0,10199.0,822990.0,589588.0,29.88,336997624.0,54225.446
23893.0,351.0,1530.0,10299.0,708209.0,569485.0,29.87,336997624.0,54225.446
23095.0,143.0,1457.0,9959.0,458731.0,260574.0,29.87,336997624.0,54225.446
7920.0,11.0,1432.0,10152.0,268695.0,59581.0,29.87,336997624.0,54225.446
59571.0,257.0,1450.0,10415.0,564676.0,514533.0,29.87,336997624.0,54225.446
38487.0,440.0,1485.0,10676.0,807149.0,542539.0,29.86,336997624.0,54225.446
67803.0,906.0,1445.0,10919.0,825968.0,535883.0,29.86,336997624.0,54225.446
60464.0,401.0,1486.0,11105.0,775971.0,505168.0,28.01,336997624.0,54225.446
88852.0,526.0,1489.0,11209.0,762571.0,493391.0,28.01,336997624.0,54225.446
20269.0,54.0,1453.0,11236.0,503314.0,261523.0,28.01,336997624.0,54225.446
13971.0,32.0,1447.0,11463.0,290581.0,134460.0,28.01,336997624.0,54225.446
68271.0,266.0,1508.0,11922.0,742942.0,428912.0,28.0,336997624.0,54225.446
45146.0,320.0,1584.0,12354.0,1139599.0,457308.0,28.0,336997624.0,54225.446
89817.0,804.0,1586.0,12758.0,1088047.0,475913.0,27.99,336997624.0,54225.446
77109.0,412.0,1595.0,12931.0,1003854.0,480401.0,27.99,336997624.0,54225.446
61273.0,423.0,1625.0,13012.0,985731.0,512883.0,27.99,336997624.0,54225.446
24637.0,115.0,1581.0,12853.0,614377.0,242309.0,27.98,336997624.0,54225.446
17350.0,23.0,1576.0,13152.0,330914.0,133090.0,27.98,336997624.0,54225.446
93899.0,295.0,1663.0,13816.0,666460.0,393265.0,27.98,336997624.0,54225.446
49920.0,449.0,1692.0,14234.0,1014708.0,421409.0,27.98,336997624.0,54225.446
112345.0,1952.0,1725.0,14560.0,1001316.0,418211.0,27.97,336997624.0,54225.446
88321.0,300.0,1736.0,14875.0,964416.0,412534.0,27.97,336997624.0,54225.446
129100.0,381.0,1727.0,14966.0,946060.0,456207.0,27.97,336997624.0,54225.446
28673.0,188.0,1775.0,15056.0,655648.0,207572.0,27.96,336997624.0,54225.446
6593.0,30.0,1741.0,15319.0,356300.0,91267.0,27.96,336997624.0,54225.446
129208.0,255.0,1785.0,15621.0,721756.0,390775.0,27.96,336997624.0,54225.446
70715.0,327.0,1832.0,16291.0,1108442.0,422977.0,27.96,336997624.0,54225.446
161032.0,684.0,1886.0,16775.0,1113239.0,424496.0,26.56,336997624.0,54225.446
105466.0,302.0,1875.0,17353.0,1023457.0,434760.0,26.56,336997624.0,54225.446
87319.0,207.0,1943.0,17843.0,950937.0,474012.0,26.56,336997624.0,54225.446
18109.0,60.0,1936.0,17910.0,695250.0,239536.0,26.55,336997624.0,54225.446
33116.0,37.0,1952.0,18363.0,378370.0,131194.0,26.55,336997624.0,54225.446
176951.0,247.0,2147.0,19381.0,777503.0,388126.0,26.55,336997624.0,54225.446
85466.0,396.0,2296.0,20080.0,1125933.0,411228.0,26.55,336997624.0,54225.446
203878.0,971.0,2279.0,20478.0,1145282.0,420873.0,26.54,336997624.0,54225.446
135457.0,335.0,2317.0,20656.0,1089190.0,441785.0,26.54,336997624.0,54225.446
148872.0,418.0,2301.0,20908.0,1059152.0,513386.0,26.54,336997624.0,54225.446
28087.0,76.0,2277.0,20627.0,729254.0,270042.0,26.54,336997624.0,54225.446
13356.0,47.0,2328.0,21056.0,415291.0,154152.0,26.54,336997624.0,54225.446
149042.0,245.0,2364.0,21893.0,779373.0,438126.0,26.53,336997624.0,54225.446
83851.0,343.0,2407.0,22043.0,1148599.0,429143.0,26.53,336997624.0,54225.446
210740.0,1087.0,2425.0,22191.0,1123987.0,416555.0,26.53,336997624.0,54225.446
135299.0,356.0,2490.0,22396.0,1011065.0,403347.0,26.53,336997624.0,54225.446
108104.0,532.0,2559.0,22501.0,833741.0,447919.0,26.52,336997624.0,54225.446
14178.0,39.0,2431.0,22062.0,582970.0,201460.0,26.52,336997624.0,54225.446
7051.0,17.0,2419.0,22361.0,347594.0,112800.0,26.52,336997624.0,54225.446
62447.0,42.0,2516.0,22831.0,298741.0,31782.0,26.52,336997624.0,54225.446
167318.0,367.0,2551.0,23984.0,722776.0,375773.0,26.52,336997624.0,54225.446
228937.0,677.0,2653.0,24728.0,1068464.0,370789.0,26.52,336997624.0,54225.446
122111.0,327.0,2691.0,24910.0,1108080.0,360769.0,26.51,336997624.0,54225.446
157099.0,401.0,2722.0,24732.0,948606.0,402192.0,26.51,336997624.0,54225.446
28027.0,156.0,2669.0,24084.0,634948.0,192159.0,26.51,336997624.0,54225.446
16263.0,34.0,2605.0,24316.0,384629.0,107066.0,32.07,336997624.0,54225.446
159719.0,284.0,2741.0,24729.0,658412.0,319386.0,32.06,336997624.0,54225.446
86848.0,475.0,2813.0,24992.0,943386.0,318110.0,32.06,336997624.0,54225.446
198887.0,1198.0,2848.0,25432.0,799750.0,322231.0,32.06,336997624.0,54225.446
131609.0,297.0,2892.0,25617.0,524308.0,312992.0,32.06,336997624.0,54225.446
106336.0,367.0,2783.0,25377.0,521945.0,347092.0,32.05,336997624.0,54225.446
35219.0,109.0,2838.0,24993.0,431764.0,162347.0,32.05,336997624.0,54225.446
17747.0,29.0,2860.0,25173.0,350945.0,86749.0,32.05,336997624.0,54225.446
151731.0,291.0,2891.0,25703.0,557233.0,269240.0,32.05,336997624.0,54225.446
90159.0,364.0,3001.0,26054.0,695355.0,278104.0,32.05,336997624.0,54225.446
185134.0,708.0,2996.0,26425.0,603464.0,282857.0,32.05,336997624.0,54225.446
129688.0,443.0,3045.0,26244.0,472612.0,280647.0,32.05,336997624.0,54225.446
139045.0,319.0,2997.0,26226.0,406474.0,298360.0,32.04,336997624.0,54225.446
17655.0,41.0,2926.0,25565.0,247426.0,131353.0,32.04,336997624.0,54225.446
