Consumption,Wind,Solar
948.128,227.4650000000001,6.587
1269.581,207.32700000000003,6.574000000000001
1334.745,473.4679999999999,24.679
1347.1359999999995,499.804,14.681
1376.658,523.851,5.071
1291.215,286.26500000000004,13.159999999999998
1175.6879999999996,368.288,4.115
1103.3830000000005,220.851,8.440000000000001
1443.3709999999996,151.83700000000002,5.263999999999999
1434.631,175.99499999999998,17.827
1449.768,197.434,10.849
1442.4480000000003,446.327,18.023
1403.402,415.1060000000001,18.778
1203.1650000000002,174.69000000000003,26.772
1150.9199999999998,34.468,36.609
1487.7820000000002,52.34499999999999,39.682
1518.0740000000003,76.42999999999999,31.036
1498.8090000000004,225.266,40.924
1470.066,282.584,3.885
1448.554,245.75400000000005,15.022000000000002
1242.3069999999998,344.898,3.191
1120.283,418.173,8.993
1454.4699999999998,115.608,11.676
1493.9540000000002,32.889,14.717999999999998
1498.37,48.45099999999999,27.116
1483.5859999999996,203.96499999999995,39.336
1458.9670000000003,90.621,12.284
1256.093,27.172,9.698
1149.243,78.80699999999999,9.114
1454.1700000000003,185.983,21.558
1485.711,208.673,32.078
1511.866,199.607,43.502
1563.4069999999997,73.46900000000001,44.67499999999999
1563.631,36.352,46.51
1372.6140000000005,20.551,45.225
1279.432,55.52199999999999,54.572
1574.766,34.896,55.389
1615.0779999999995,100.312,19.867
1613.774,93.76300000000002,36.93
1591.5319999999997,132.219,19.042
1581.287,52.12200000000001,34.873
1377.404,32.375,44.629000000000005
1264.254,62.65899999999999,45.176
1561.987,25.984,11.287
1550.3660000000002,146.495,9.61
1476.0369999999998,413.367,18.877
1504.119,130.247,38.176
1438.8569999999995,196.515,17.328000000000003
1236.0690000000002,237.889,26.248
1107.431,272.655,30.382
1401.8730000000005,160.315,53.794
1434.533,281.90900000000005,57.984
1453.507,287.635,74.904
1427.402,353.51,18.927
1373.8000000000002,382.777,29.280999999999995
1133.1840000000002,302.1019999999999,42.667
1086.743,95.23399999999998,37.214
1436.0949999999998,86.956,43.099
1408.211,231.923,16.19
1434.062,77.024,30.36
1411.553,62.293000000000006,40.04200000000001
1402.006,39.97200000000001,38.665000000000006
1186.275,107.629,55.38
1072.0779999999995,80.68499999999999,32.054
1388.816,154.20600000000002,32.907
1433.1660000000002,61.690000000000005,83.002
1455.451,157.05900000000003,75.15699999999998
1412.1809999999998,150.182,44.725
1399.515,126.102,92.597
1153.1719999999998,216.614,59.99499999999999
1042.487,200.78799999999995,22.692
1347.4630000000002,194.24500000000003,37.298
1391.174,119.97999999999998,31.898999999999997
1403.8359999999998,65.82300000000001,56.3
1411.7500000000002,24.083,100.78
1365.107,74.49399999999999,111.971
1156.4900000000002,74.31,95.08599999999998
1062.4589999999998,162.956,58.994
1323.263,159.86799999999997,75.965
1377.97,145.134,109.88200000000002
1382.409,53.161,106.847
1390.429,40.73,116.147
1359.065,20.328,114.221
1150.784,25.567,106.528
1026.274,51.936,122.306
1330.8149999999998,31.232,123.155
1337.854,105.519,117.978
1310.0330000000004,204.92,124.79500000000002
1290.457,375.829,66.031
1277.08,374.9480000000001,35.937999999999995
1085.784,366.241,57.56
1115.065,249.075,123.87699999999998
1370.145,146.464,98.851
1340.1239999999996,58.510000000000005,98.81400000000002
1391.355,113.71699999999998,62.19400000000001
1356.5290000000005,46.721,41.681
1095.619,75.97999999999999,50.362
1048.47,189.30600000000007,56.91699999999999
927.223,59.54399999999999,93.379
1030.772,208.754,57.225
1349.7379999999996,198.653,87.84099999999998
1398.8559999999995,51.131000000000014,54.58400000000001
1288.302,20.678,86.319
1292.923,26.534,87.45899999999999
1222.985,36.07899999999999,88.042
1166.63,149.303,54.78900000000001
1419.061,164.21699999999996,70.57600000000001
1414.206,121.87099999999998,123.51
1440.0519999999997,124.69,87.08200000000001
1418.122,92.252,112.08599999999998
1393.302,42.379,91.006
1214.4899999999998,92.366,99.61
1063.047,89.13700000000001,87.018
1310.9099999999996,93.296,106.43099999999998
1320.7230000000002,74.54899999999999,67.324
1361.3950000000002,154.06500000000003,111.891
1427.093,246.672,97.57
1400.451,94.387,118.984
1176.568,120.519,139.73200000000003
1029.0789999999995,146.99499999999998,85.825
1149.575,107.085,132.31900000000002
987.135,97.45299999999996,145.855
1342.821,87.21100000000001,142.476
1388.235,40.688,118.947
1358.086,62.373000000000005,140.70499999999998
1131.952,51.582,70.418
1044.236,29.245000000000005,65.151
1359.119,16.205,94.13
1354.063,84.137,143.577
1375.7229999999995,97.102,97.601
1377.2490000000005,162.85399999999996,135.20100000000002
1339.914,214.08,131.504
1086.144,234.305,92.039
1026.929,48.934,139.25799999999998
1334.7380000000005,90.154,167.271
1371.732,92.488,119.739
1331.0200000000002,218.675,103.286
1026.276,102.796,161.216
1172.3909999999998,132.91600000000005,131.215
1093.637,42.846,151.07699999999994
1020.2470000000002,76.299,155.399
1327.358,121.186,127.468
1377.557,85.312,142.533
1389.2639999999997,98.283,143.10300000000004
1369.1640000000002,144.01999999999998,167.99300000000002
1333.026,106.146,189.252
1112.9730000000002,65.694,187.619
960.155,23.349,138.597
988.853,36.31099999999999,151.31499999999997
1308.9589999999998,115.003,155.35599999999997
1360.133,55.879,131.747
1371.9610000000002,57.814,105.13200000000002
1245.228,221.36200000000005,95.347
1050.443,121.44,135.864
1004.252,44.17,63.568
1309.3740000000005,59.87799999999999,86.217
1297.404,86.30099999999999,119.0
1315.237,63.311,85.52
1112.364,46.99299999999999,119.729
1183.864,149.622,107.792
1051.796,206.77900000000005,132.21200000000002
984.376,59.01800000000001,113.54
1326.4829999999995,21.939,111.819
1343.2340000000002,36.683,103.699
1326.2799999999995,60.34,94.355
1336.5100000000002,17.666,125.229
1319.754,70.25999999999999,131.695
1104.8770000000002,107.732,130.56699999999998
978.189,124.85500000000002,144.327
1295.5260000000003,147.265,154.441
1359.3049999999998,23.53,137.32199999999995
1361.9869999999996,50.944,74.92500000000001
1367.3480000000002,60.363000000000014,114.209
1288.9889999999998,139.503,151.003
1074.347,119.951,154.12999999999994
966.313,194.586,118.912
1239.6809999999998,282.34,117.876
1280.5919999999996,173.629,133.302
1355.3320000000006,46.729000000000006,118.71099999999998
1352.232,44.803,148.484
1328.2359999999996,62.862,143.348
1109.917,41.056,161.58000000000004
980.695,86.751,90.8
1305.6009999999997,29.88,85.77399999999999
1351.059,13.989,93.205
1357.488,32.237,144.07899999999998
1358.012,60.654,128.246
1320.339,37.26,113.29099999999998
1088.072,21.722,120.097
979.263,102.489,129.69
1277.879,184.585,132.026
1335.8000000000002,63.67199999999998,138.975
1308.4240000000002,119.022,114.564
1270.4220000000005,158.37399999999997,115.136
1279.65,80.13400000000001,80.366
1044.088,154.526,111.911
963.8490000000002,81.98599999999999,113.272
1244.0020000000002,167.53199999999998,116.698
1283.2960000000005,147.874,93.429
1311.236,138.815,124.825
1260.459,255.453,105.13899999999998
1254.104,114.90299999999998,88.11500000000004
1036.9019999999998,78.81400000000002,99.942
955.195,29.08,142.052
1264.464,61.45,183.983
1298.0409999999997,53.431,175.347
1315.315,25.314,137.746
1324.677,30.718,157.008
1315.591,48.153,159.00799999999998
1068.831,66.33699999999999,89.81700000000002
946.804,66.075,99.148
1226.413,85.45099999999998,134.721
1275.594,37.241,128.371
1281.36,54.99399999999999,170.637
1273.384,76.20099999999998,134.86499999999998
1252.9789999999996,27.344,125.599
1052.731,23.475,130.92399999999998
970.34,19.899,115.923
1218.308,120.776,86.42399999999999
1195.3610000000003,186.065,97.645
1232.55,73.49199999999999,128.00400000000002
1251.813,45.277,125.946
1220.577,47.461000000000006,122.65299999999998
1027.19,34.149,133.25000000000003
949.6519999999998,85.68400000000001,164.40700000000004
1234.5860000000002,96.343,158.279
1269.7789999999998,64.136,153.65800000000002
1255.451,92.333,150.38199999999998
1287.7960000000005,34.536,85.779
1266.9920000000002,20.892,149.786
1070.0759999999998,68.438,161.008
992.062,57.993,158.447
1322.886,66.484,136.485
1367.3680000000002,20.659,127.859
1314.6750000000002,143.29999999999995,128.809
1314.0280000000002,61.38500000000001,144.19400000000002
1306.214,30.647999999999996,63.24500000000001
1072.0700000000002,115.102,103.898
927.762,227.026,93.021
1264.911,70.863,144.41
1309.94,68.39299999999999,115.037
1330.271,37.135,115.197
1323.241,33.321,61.561
1306.1009999999997,67.10900000000001,51.478
1103.823,38.744,73.05499999999999
1020.169,35.31699999999999,94.999
1345.3410000000003,19.479,89.05199999999999
1370.644,33.386,126.598
1361.157,64.503,84.097
1350.542,87.27300000000001,113.90800000000002
1310.044,139.23099999999997,128.135
1109.4499999999998,56.865,129.65599999999998
1011.1629999999998,61.961,144.81500000000003
1351.8700000000003,80.469,129.845
1380.72,106.166,90.839
1367.1230000000005,59.783,50.344
1366.3060000000005,31.514000000000006,93.104
1294.8120000000004,259.902,114.898
1089.12,123.985,67.42399999999999
1010.707,75.96400000000001,138.03900000000002
1353.3,70.96199999999999,108.937
1376.469,108.252,111.491
1354.5910000000003,119.15800000000002,88.154
1368.341,91.06,119.599
1341.184,83.411,108.90500000000002
1079.106,152.54700000000005,68.22199999999998
1031.1239999999998,73.522,92.53
1336.021,260.9,52.52599999999999
1361.29,161.211,80.05300000000001
1383.0480000000002,80.452,69.451
1349.6660000000002,148.215,69.788
1330.229,135.96399999999997,99.015
1104.096,151.127,62.093
1011.473,112.1,96.39
1336.3460000000002,84.26199999999999,67.678
1341.518,92.795,93.685
1050.3579999999995,193.172,80.50699999999999
1295.24,201.34600000000003,32.022
1301.7879999999998,294.49,49.942
1113.446,154.938,66.6
1027.417,171.55999999999997,61.118
1375.6519999999998,92.56799999999996,91.612
1361.404,157.11099999999996,55.154
1384.4029999999998,65.638,58.662
1397.3439999999996,57.024,79.517
1372.991,176.347,37.393
1121.4989999999998,156.457,82.872
1047.7189999999998,126.81000000000004,61.10900000000001
1380.24,137.071,25.597
1413.963,201.362,84.46000000000001
1388.308,167.088,74.323
1381.724,155.672,83.526
1375.5469999999998,90.76000000000002,93.02
1168.811,45.203,76.97799999999998
1060.869,55.262,66.72500000000001
1405.4450000000002,46.39300000000001,40.38200000000001
1441.192,22.802,21.399000000000004
1448.8719999999996,6.511,24.754000000000005
1403.6360000000002,132.83100000000002,33.739999999999995
1404.185,60.85600000000002,33.863
1164.625,106.14,23.867
1099.838,58.526,42.33800000000001
1424.552,197.50699999999995,38.387
1435.0269999999996,85.701,28.747999999999998
1355.2820000000002,139.93800000000002,78.264
1203.4399999999998,210.011,39.264
1279.542,265.63100000000003,53.529
1159.1090000000002,177.73300000000003,40.34200000000001
1083.5030000000002,134.767,39.010000000000005
1395.8769999999995,169.791,30.928
1413.7660000000003,237.431,41.647
1396.0329999999997,350.668,12.582
1433.24,265.225,28.366
1440.597,93.936,46.92699999999999
1199.4339999999995,124.79599999999998,14.87
1092.889,103.79599999999998,12.474000000000002
1438.3070000000005,86.02199999999999,22.594
1473.801,66.407,49.625
1476.4199999999996,38.975,37.485
1502.4540000000006,9.938999999999997,23.553
1477.412,17.42,18.569
1222.197,70.99500000000002,30.540000000000003
1129.8490000000002,26.863,22.562
1455.709,57.05099999999999,31.021
1489.107,68.824,16.956
1470.5259999999998,138.90900000000002,24.365
1459.5169999999996,163.91799999999998,30.971000000000004
1437.137,151.64500000000007,22.02
1231.409,46.389,26.24
1079.007,361.5419999999999,30.175
1428.5379999999998,136.14,17.684
1485.639,41.651,10.595999999999998
1497.1819999999998,35.352,6.598
1451.5719999999997,173.69600000000003,4.901000000000001
1451.958,61.72200000000001,16.812
1243.8970000000002,97.66,18.084
1151.585,63.01999999999999,8.789
1484.956,142.974,13.421
1469.9410000000005,257.595,9.723999999999998
1507.404,111.197,15.454
1502.1829999999995,170.55099999999996,13.026
1519.663,124.98799999999996,12.945999999999998
1301.548,42.73800000000001,15.514
1156.3960000000002,302.5359999999999,5.942999999999999
1515.6919999999996,198.226,4.486999999999999
1520.7479999999998,135.90300000000002,5.715
1566.7040000000004,44.77100000000001,7.319000000000001
1554.6720000000005,71.046,7.619999999999999
1468.3529999999998,222.31699999999995,6.415
1220.2379999999996,207.75599999999997,10.427
1132.311,116.81400000000002,13.838
1441.662,46.77199999999999,12.489
1460.691,21.142,11.398
1441.0220000000002,18.254,11.011
1380.2200000000005,188.807,17.169999999999998
1317.3660000000002,148.14399999999998,6.018000000000001
1136.8419999999996,116.165,10.184
1031.437,256.785,4.071000000000001
990.7059999999998,239.102,26.68
899.827,309.54200000000003,22.342
909.618,331.66400000000004,17.098
1068.6170000000002,302.19500000000005,13.111
1109.4239999999998,152.56199999999998,24.007
1014.55,294.502,38.122
936.7859999999996,412.921,27.255
969.81,446.492,25.097
906.9100000000002,262.4380000000001,14.218
1160.174,224.867,26.01
1199.5649999999998,387.143,6.058000000000001
1198.9519999999998,342.44300000000004,4.976
1108.271,140.41,4.970000000000001
1035.316,154.668,4.634
1364.084,30.297,13.157000000000004
1397.7500000000002,75.27700000000002,9.969
1408.435,119.894,10.947
1388.447,165.97600000000006,9.919
1390.8380000000002,63.70000000000001,21.582
1192.418,33.46099999999999,20.777
1112.38,40.54699999999999,14.552
1441.257,35.342,6.421
1476.054,33.94599999999999,15.377
1480.2889999999998,18.155,4.583
1471.6929999999998,49.389,1.974
1451.3459999999998,100.481,1.968
1236.529,160.44800000000004,3.311
1162.583,185.719,4.096
1437.83,205.819,2.483
1485.679,68.17200000000001,3.5810000000000004
1504.134,21.945,12.356
1510.7169999999996,22.474,5.79
1492.2230000000004,45.723,8.451
1246.0390000000002,167.507,13.496
1140.5840000000003,237.773,10.153
1410.84,225.44,21.711
1411.5949999999998,381.577,10.387000000000002
1377.5210000000002,481.636,18.132
1356.5899999999997,535.4559999999999,41.139
1379.0970000000004,214.528,12.716
1188.2739999999997,176.11499999999995,21.702
1109.639,251.234,19.923
1376.7530000000002,370.033,12.065
1400.332,295.974,28.417
1451.4489999999998,100.776,31.004999999999995
1457.147,53.56,18.073
1433.098,31.622,14.591
1227.6720000000005,14.191000000000004,17.025
1130.246,80.717,43.27
1376.7359999999994,228.319,42.28
1439.26,69.858,16.312
1480.401,14.674,23.397
1481.4169999999997,119.01900000000002,41.343
1448.322,33.535999999999994,19.482
1216.025,6.592999999999999,16.205
1127.8339999999998,7.142,21.564
1406.563,29.527,34.831
1399.5900000000004,154.23999999999998,19.467
1416.314,118.615,27.429
1454.188,87.14600000000002,36.575
1416.6999999999998,133.815,30.355
1216.5349999999996,228.057,13.407
1126.9140000000002,131.605,11.171
1420.1909999999998,112.073,15.784999999999998
1450.488,57.12499999999999,15.729
1461.837,14.293000000000005,21.571
1421.426,55.73499999999999,24.174
1372.0199999999998,93.148,27.875000000000004
1143.686,111.234,84.94500000000001
1062.452,113.621,82.99500000000002
1364.964,82.067,130.413
1359.0269999999998,84.992,132.054
1365.1040000000005,57.59400000000001,111.856
1359.5179999999998,224.2,72.13300000000001
1343.2509999999995,265.687,80.98300000000002
1160.281,197.591,49.14199999999999
1070.617,187.672,47.758
1394.744,116.369,27.851
1428.073,58.433,37.771
1425.143,21.146,33.989
1420.149,28.59500000000001,62.718
1406.081,47.822,95.516
1192.547,226.415,124.196
1048.639,355.557,71.098
1336.399,217.252,41.638
1391.853,102.054,53.366
1411.346,73.40499999999999,53.404
1407.382,40.815,51.012
1383.1699999999996,208.389,105.82600000000002
1200.6630000000002,413.845,83.618
1105.345,369.604,111.143
1340.9390000000003,362.866,78.73199999999999
1357.4599999999998,238.241,81.60300000000001
1360.9309999999998,190.15,91.094
1343.5320000000002,95.495,74.99700000000001
1080.715,37.969,64.355
1041.7855,38.7965,96.17849999999999
1038.3382500000002,51.12525,112.09024999999998
1034.8910000000003,63.454,128.00199999999998
1345.6049999999998,122.047,107.82300000000002
1392.1670000000004,170.66400000000002,75.93800000000002
1413.628,133.071,104.69200000000002
1407.873,76.26499999999999,35.106
1189.98,38.77,51.11500000000001
1065.0849999999998,42.472,113.68599999999998
1361.1050000000002,96.848,124.439
1376.079,164.40099999999995,90.156
1386.8029999999997,85.18899999999998,74.00500000000001
1370.114,107.345,57.516000000000005
1330.6570000000002,135.663,91.288
1099.1280000000002,195.974,105.88999999999996
1026.3360000000002,110.45700000000002,132.771
1295.7010000000002,117.817,166.529
1347.112,92.473,120.058
1352.204,83.61500000000002,140.56399999999996
1319.8490000000002,324.587,144.65400000000002
1300.419,157.98600000000005,75.40700000000001
1105.7380000000005,86.463,89.73899999999999
1008.826,73.86999999999999,116.257
1312.209,46.955,95.569
1305.9399999999998,194.195,125.84499999999998
1330.709,100.646,180.642
1338.207,39.618,165.11499999999998
1309.994,96.91799999999998,114.018
1106.43,81.65799999999999,62.05700000000001
1021.551,36.764,93.4
1299.2760000000003,170.67499999999995,87.74299999999998
1317.183,76.78199999999998,93.325
1004.86,57.722000000000016,134.309
1280.019,72.055,96.99900000000002
1296.4729999999995,36.11,106.336
1106.577,62.087,131.373
1005.52,40.282,181.631
1299.8180000000002,63.52600000000001,157.68400000000003
1333.6929999999998,78.471,89.723
1326.54,63.391,161.455
1029.826,59.11699999999999,127.245
1183.8769999999995,123.713,96.005
1094.466,75.962,94.87999999999998
999.825,99.49499999999996,117.662
1294.342,148.164,81.794
1312.3829999999998,100.217,140.77399999999997
1300.1909999999998,145.05300000000005,158.605
1305.0240000000003,104.93,114.32
1284.766,78.77099999999999,100.436
1078.7109999999998,78.889,128.97099999999998
939.305,46.538,130.01400000000004
952.727,80.383,110.03199999999998
1278.7209999999995,73.061,114.522
1303.334,284.96,62.261
1326.9260000000002,57.184,115.916
1297.862,31.673,111.633
1076.8369999999998,117.78,104.253
1018.874,216.62200000000004,47.51
1312.264,64.874,101.03000000000002
1305.03,45.633,167.72099999999995
1314.747,47.246,73.38900000000001
1098.0990000000002,80.091,104.485
1194.1769999999997,217.785,69.227
1031.124,232.19099999999997,51.370000000000005
902.859,335.581,102.566
1214.1409999999998,199.18,113.787
1265.1999999999998,85.86300000000001,160.435
1277.4930000000002,41.861,198.15
1274.3750000000002,36.6,199.384
1262.887,29.938,185.424
1065.0440000000003,45.098000000000006,184.056
971.738,44.829999999999984,135.025
1258.977,34.973000000000006,105.381
1287.6999999999998,17.137999999999998,152.64099999999996
1298.307,73.27000000000001,154.90199999999996
1289.9050000000002,165.61,161.247
1235.4150000000002,128.07899999999995,145.845
1045.69,174.478,166.46599999999998
947.157,131.53599999999994,180.661
1296.348,45.483,195.62499999999997
1328.223,42.101,193.54100000000005
1332.1070000000002,89.85199999999999,183.087
1323.4079999999997,72.51400000000001,156.109
1241.676,213.91200000000003,150.82899999999998
1065.2219999999998,156.13099999999997,140.864
959.418,174.39399999999998,126.81700000000002
1263.825,75.421,105.581
1255.9520000000002,153.23700000000002,78.61600000000001
1237.2809999999995,207.45200000000003,119.949
1280.278,69.322,110.93800000000002
1264.697,72.379,121.132
1037.8339999999998,164.64899999999997,87.244
945.689,102.721,145.66899999999995
1249.752,88.98400000000001,184.643
1285.6619999999998,33.794000000000004,188.047
1292.6840000000002,72.23700000000001,94.737
1303.686,26.835,118.355
1268.937,30.267000000000003,132.87399999999997
1063.8590000000004,32.562000000000005,188.458
969.737,38.897,197.394
1280.343,42.784,201.135
1305.309,31.469,195.691
1278.1789999999996,118.64100000000002,174.394
1273.0600000000002,78.988,146.185
1254.5680000000002,34.973000000000006,170.64399999999998
1044.867,51.897000000000006,181.094
952.3369999999998,75.88099999999999,158.661
1248.7379999999998,38.35999999999999,187.018
1285.767,20.636000000000003,196.037
1295.885,29.274,184.941
1296.646,54.61000000000001,185.537
1252.492,111.325,186.212
1061.6929999999998,41.309,178.53500000000005
983.663,32.487,204.44100000000003
1280.5549999999998,24.172,197.60100000000003
1292.0269999999998,50.439,173.505
1296.148,44.267,130.122
1317.1709999999998,12.118999999999998,155.787
1293.6770000000004,21.389,152.87
1088.862,40.678,173.68499999999997
991.371,99.35399999999998,136.815
1266.9349999999995,47.492,83.937
1241.942,138.27999999999997,142.74999999999997
1240.0559999999998,146.44499999999996,126.546
1318.543,38.122,185.415
1314.4230000000005,78.58899999999998,190.98300000000003
1110.478,98.57,151.46900000000002
1013.3310000000002,27.76,140.93400000000003
1293.0839999999998,67.812,177.56399999999996
1315.468,91.39,150.52699999999996
1308.6470000000002,65.92999999999999,111.847
1291.9840000000002,79.666,93.371
1254.4619999999998,19.564,89.341
1088.538,81.40799999999999,144.125
990.552,99.216,140.22500000000005
1264.4229999999998,94.11400000000002,133.53000000000003
1281.806,148.39100000000002,134.048
1270.1359999999995,110.76299999999998,147.257
1230.8940000000002,41.649,161.26599999999996
1235.737,67.68999999999998,177.432
1064.704,50.787,150.753
1003.82,139.00099999999998,104.76
1279.894,65.016,71.19799999999998
1262.6059999999998,43.80699999999999,112.443
1265.775,15.983999999999998,159.20299999999995
1277.2010000000002,22.69,164.176
1273.278,84.02199999999999,120.405
1089.3639999999998,153.59900000000002,134.245
1005.2900000000002,168.659,80.066
1291.821,148.245,110.897
1306.896,60.838,95.03799999999998
1295.9790000000005,21.264000000000003,112.823
1285.918,11.640999999999998,148.32399999999998
1267.145,35.40700000000001,145.14300000000003
1072.235,125.60200000000002,105.09499999999998
1018.549,189.585,104.10099999999998
1329.525,338.65399999999994,73.85399999999998
1344.162,85.24600000000001,103.562
1344.6649999999995,22.179,136.97199999999998
1352.0910000000003,96.945,165.76999999999998
1330.4149999999995,143.77599999999998,159.558
1111.0580000000002,73.32400000000001,122.7
1023.103,101.367,69.31500000000001
1315.3300000000002,96.83599999999996,94.506
1346.696,131.483,53.687000000000005
1356.0230000000004,87.36400000000003,57.333
1343.379,20.095,60.91
1321.8439999999996,34.812999999999995,77.841
1122.69,84.10100000000001,60.274
1037.48,107.882,65.003
1348.881,202.639,52.846
1376.859,183.778,98.993
1382.1129999999998,97.357,45.553
1368.321,109.449,82.16600000000001
1353.1139999999998,88.18,46.150000000000006
1109.983,41.542,81.734
1034.784,147.45899999999995,89.46000000000001
1337.004,187.23600000000005,73.494
1343.8830000000005,44.893,96.79
1345.2909999999997,42.94,85.92
1357.4679999999996,69.41400000000002,55.844
1320.7659999999998,32.952,99.215
1107.352,76.34500000000001,120.00200000000002
1058.3269999999998,254.499,113.07
1340.561,207.27000000000004,102.334
1356.25,151.37900000000002,103.34299999999998
1356.8060000000005,214.145,132.35700000000003
1114.298,307.258,134.028
1243.239,210.34599999999995,71.536
1102.931,44.746000000000016,37.333
1029.1709999999998,14.973,38.16499999999999
1332.582,21.540000000000006,67.05000000000001
1355.7869999999996,31.485,56.169
1368.275,107.31899999999996,33.767
1375.585,51.15599999999999,36.995000000000005
1390.856,216.712,24.750000000000004
1156.7030000000002,115.49600000000002,32.451
1059.1,88.60300000000001,80.513
1359.0069999999998,97.27299999999998,65.89999999999999
1388.107,84.746,38.206
1386.258,46.623000000000005,37.985
1439.1360000000004,382.307,55.496
1358.1350000000002,130.93800000000002,70.24600000000001
1161.249,155.89,95.322
1073.035,142.765,41.13699999999999
1365.215,166.227,59.54599999999999
1393.467,191.176,81.215
1425.148,285.689,31.867
1374.195,120.26399999999998,80.39399999999999
1367.9430000000002,144.035,40.38699999999999
1176.6,214.723,63.193
1121.9689999999998,450.8339999999999,46.83200000000001
1434.2420000000004,509.0860000000001,49.281000000000006
1421.424,364.66800000000006,49.35
1391.8470000000002,218.371,71.616
1352.3529999999998,201.36499999999995,78.12
1207.43,175.166,27.108
1176.259,146.47800000000004,21.254
1151.302,374.0460000000001,31.61
1432.748,347.597,26.119000000000007
1448.5680000000002,206.336,55.163
1463.362,255.634,19.585
1451.321,236.44700000000003,33.76599999999999
1402.1120000000003,73.00699999999999,33.597
1243.213,354.567,44.440000000000005
1129.633,161.22000000000003,21.614
1409.6379999999997,80.579,39.27100000000001
1439.7009999999998,120.73099999999998,47.098
1441.6040000000005,90.04599999999998,35.895
1452.086,62.393,24.861
1406.642,27.481,25.665
1219.4490000000003,80.881,21.185
1117.711,28.074,13.293
1422.174,53.48599999999999,21.503
1453.625,52.709,13.889
1440.757,67.69000000000001,18.511000000000003
1461.718,62.859000000000016,17.599999999999998
1437.637,87.925,8.982
1218.068,59.50599999999999,10.711
1137.5670000000002,147.275,16.986
1440.4680000000003,110.69600000000004,49.92999999999999
1462.1639999999998,39.164,41.495000000000005
1493.989,160.495,40.126000000000005
1508.7140000000002,234.884,10.813
1488.75,282.77,9.845999999999998
1254.591,132.30999999999997,16.273999999999997
1161.7690000000002,211.31900000000005,24.464
1434.4860000000003,57.12799999999999,46.315
1468.226,48.05800000000001,45.517
1511.246,216.86900000000003,16.627
1563.832,489.692,16.287
1545.494,556.4120000000001,18.801
1278.523,255.67400000000004,11.943
1189.6129999999998,333.321,15.861
1477.263,284.7940000000001,18.095
1474.226,46.505,27.425000000000004
1475.4349999999995,28.424000000000007,16.686
1475.418,63.336,20.132
1456.19,77.73799999999999,26.251
1276.9790000000005,142.06599999999997,14.509000000000004
1194.796,291.182,16.943
1467.5549999999998,308.486,50.78699999999999
1457.2350000000004,112.88800000000002,42.532
1447.4989999999998,164.438,17.871000000000002
1430.139,263.516,9.584999999999996
1345.6509999999998,208.591,14.999
1250.8170000000002,442.35,21.391
1141.975,453.5279999999999,16.697
1199.865,374.0759999999999,34.929
1128.997,535.3349999999999,25.286000000000005
992.789,191.556,11.752
989.254,49.436,10.548
1166.5519999999997,395.7360000000001,41.011
1089.7899999999995,208.51400000000004,21.027999999999995
1031.149,213.978,20.933
1149.097,254.119,47.09699999999999
1068.429,174.66999999999993,43.219
1080.0800000000002,220.085,30.493
1343.101,304.166,13.68
1379.7760000000003,340.63899999999995,23.509999999999994
1271.029,260.828,15.227
1182.4160000000002,175.81199999999998,18.067000000000004
1408.2020000000002,370.91,26.281
1529.2500000000002,363.7560000000001,44.463
1550.3980000000004,287.09899999999993,35.228
1572.1940000000002,430.36,23.977
1552.413,376.86,30.979
1350.439,308.40399999999994,23.923
1243.6280000000002,240.41500000000005,45.882
1582.7969999999996,124.885,21.976000000000003
1597.275,33.001999999999995,15.4
1592.3840000000002,85.85,30.897
1607.8040000000003,172.75500000000005,14.973
1571.6370000000002,121.368,20.624
1353.4550000000002,162.72700000000003,35.464
1255.814,301.247,20.363
1590.6870000000004,78.647,6.371000000000002
1624.8059999999998,15.642999999999995,5.835000000000001
1625.1550000000004,60.25900000000001,11.992
1631.3729999999998,125.17699999999998,13.661
1617.411,106.52699999999996,9.807
1399.124,145.786,19.051
1302.735,184.365,15.07
1612.2129999999995,182.071,23.639
1636.751,157.58799999999997,38.964
1659.96,213.55,24.072
1651.529,167.88500000000005,37.222
1605.265,112.603,45.499
1391.4300000000003,282.132,41.298
1265.416,107.799,33.74400000000001
1598.5510000000002,108.91000000000004,35.126
1617.7989999999995,131.89,44.494
1623.2410000000002,217.711,49.166
1597.9789999999996,288.646,67.497
1576.93,470.114,35.590999999999994
1365.813,361.931,45.606
1252.107,423.2779999999999,44.165
1577.328,148.80400000000006,43.026
1600.185,228.572,44.14
1597.1219999999998,262.52,60.11699999999999
1602.375,270.977,45.44800000000001
1570.2130000000002,283.346,77.22
1347.5030000000002,477.891,41.842
1237.654,408.778,42.37199999999999
1548.6439999999996,101.83000000000004,78.833
1582.932,96.737,60.528000000000006
1588.602,113.18000000000002,30.109
1564.341,182.761,70.12899999999999
1549.9930000000002,193.63400000000004,37.836
1330.959,212.118,70.62499999999999
1206.696,183.838,101.587
1521.083,226.315,126.092
1552.925,154.765,104.44
1555.0380000000002,49.33600000000003,74.913
1553.4600000000005,101.158,62.879000000000005
1524.7159999999994,46.998,66.286
1310.8630000000005,42.38,74.222
1205.382,79.034,58.509
1479.3610000000003,174.17700000000005,83.83700000000002
1521.878,19.16,70.862
1550.944,18.679,74.27899999999998
1546.4730000000004,54.556,91.283
1514.8970000000002,114.278,120.06000000000002
1279.1619999999998,107.357,131.284
1161.496,175.88800000000003,145.585
1479.2299999999996,94.246,145.402
1521.112,113.199,138.73000000000002
1515.5724999999998,67.812,142.9665
1510.0329999999997,22.425,147.203
1488.0440000000003,122.019,135.13299999999998
1303.214,510.579,46.959
1199.315,538.519,33.936
1498.042,354.408,84.79000000000002
1528.9320000000002,215.01199999999997,78.96
1524.7620000000002,405.654,66.49499999999999
1498.548,311.326,160.777
1474.562,289.345,114.934
1280.873,147.024,63.536
1176.87,71.09599999999999,59.828
1499.18,27.401999999999997,84.58400000000002
1521.834,39.216,107.847
1522.582,94.095,131.795
1510.903,192.194,156.117
1470.8100000000002,110.05599999999998,121.595
1297.9475000000002,64.314,117.1965
1372.03075,39.226,114.99725000000001
1446.1139999999998,14.138,112.798
1478.178,51.83600000000001,130.86700000000002
1471.1660000000004,60.625,154.848
1470.548,80.191,129.74200000000002
1461.671,115.145,90.971
1237.8490000000004,27.935,66.19500000000001
1131.5530000000003,72.646,107.538
1448.6639999999998,105.559,133.23099999999997
1496.591,376.2079999999999,84.813
1497.4730000000004,327.336,114.114
1485.1450000000002,56.87199999999999,76.7
1454.772,21.613999999999997,112.75
1227.196,38.922,140.749
1129.114,228.889,135.688
1478.427,464.7510000000001,106.767
1504.5069999999998,228.219,94.09499999999998
1486.5810000000004,27.934,153.73
1452.004,195.485,186.007
1150.044,133.49499999999998,78.85700000000001
1146.115,162.25099999999998,142.375
1022.5380000000002,203.536,151.246
1059.095,115.725,127.136
1412.3589999999997,36.71999999999999,133.131
1447.726,32.419000000000004,156.58499999999998
1450.8869999999995,50.66200000000001,146.98500000000004
1426.432,112.481,175.61999999999998
1217.886,56.557,131.771
1130.9929999999997,91.876,81.85099999999998
1451.7639999999997,40.13,81.21599999999998
1468.143,15.868,113.807
1432.0600000000002,20.384,132.56799999999998
1099.884,52.133,108.002
1308.181,119.131,80.413
1196.0950000000005,69.523,104.548
1111.713,53.75899999999999,154.63899999999998
1423.702,34.962,182.43400000000003
1451.314,136.84199999999998,129.30700000000002
1464.4220000000005,173.756,102.60399999999998
1471.633,198.843,110.076
1450.3789999999997,286.629,113.136
1221.389,224.009,110.187
1122.323,373.66,124.436
1449.9730000000004,239.793,124.642
1471.536,136.822,120.052
1473.9,155.53399999999996,144.885
1468.2439999999997,77.97899999999998,113.941
1430.868,100.726,159.43200000000002
1206.499,68.24400000000001,135.70100000000002
1107.4330000000002,43.53000000000001,121.581
1421.566,27.773,170.96099999999996
1449.0739999999998,41.571000000000005,195.205
1457.263,93.73,184.98200000000003
1459.2340000000004,112.80899999999998,185.338
1429.8320000000003,56.471,119.22
1199.258,32.656,140.00700000000003
1089.246,34.69,193.159
1429.811,138.365,137.17600000000002
1464.019,189.127,70.47
1441.6220000000003,189.686,60.00100000000001
1128.151,76.74600000000001,83.043
1261.208,59.23899999999999,138.09900000000002
1147.44,105.023,189.115
1068.982,23.571,155.65599999999998
1403.083,15.253999999999998,169.43600000000004
1433.509,14.213,166.67100000000002
1444.044,67.45400000000001,153.844
1436.595,176.676,158.33499999999998
1403.466,61.768,212.446
1176.898,38.27,203.093
1029.637,49.895,192.65600000000003
1075.3930000000005,76.425,195.66600000000005
1425.094,78.301,183.872
1452.2820000000002,64.544,153.227
1433.9459999999997,63.60099999999999,184.129
1409.767,162.34199999999998,168.90599999999995
1173.157,87.47999999999998,141.13
1060.016,51.141000000000005,176.72299999999998
1372.914,75.84700000000001,152.985
1404.6090000000004,49.10300000000001,148.22699999999998
1395.3539999999998,77.03699999999999,181.093
1208.285,229.77,141.87600000000006
1310.3580000000002,219.192,114.155
1155.962,178.46,142.768
1066.92,185.336,176.84699999999998
1403.576,108.49,186.106
1434.542,39.81099999999999,154.45399999999998
1434.4100000000003,46.996,131.954
1413.0609999999997,20.968,179.00200000000004
1400.1650000000002,35.611999999999995,173.488
1192.279,49.16899999999999,128.63199999999998
1094.965,61.470000000000006,74.23899999999999
1398.098,65.301,131.96699999999998
1407.2340000000002,61.67,176.13700000000003
1418.9359999999997,61.838,145.466
1424.6260000000002,61.29299999999999,202.577
1401.1929999999998,65.633,185.181
1192.7409999999998,111.21799999999998,121.66400000000002
1096.5190000000002,101.60900000000002,180.376
1415.3629999999996,73.44699999999999,140.347
1455.751,111.337,59.15300000000001
1446.773,144.955,67.393
1430.759,95.164,100.137
1403.1090000000002,107.147,150.506
1176.602,45.45099999999999,133.66300000000004
1078.0569999999998,60.184,117.124
1386.7620000000004,123.226,135.79899999999998
1424.1340000000007,60.38600000000001,166.422
1436.438,12.139,170.333
1439.7700000000002,17.241,187.71
1419.386,37.017,199.131
1207.5869999999998,92.104,199.88100000000003
1113.844,94.32699999999998,137.69600000000003
1429.3499999999997,113.92,81.351
1440.878,140.531,129.393
1428.897,144.412,184.01300000000003
1425.5119999999995,98.949,158.319
1396.902,53.10300000000001,131.21699999999996
1184.8439999999996,20.655999999999995,137.14400000000003
1090.885,24.247999999999998,136.81499999999997
1399.811,38.484,145.28700000000003
1427.072,50.898,103.33900000000004
1421.5250000000003,75.132,81.03
1391.8580000000002,40.267,152.22899999999998
1351.763,42.31799999999999,168.819
1152.935,64.741,148.004
1052.11,34.539,132.063
1332.5300000000002,19.71,131.061
1348.567,28.091000000000005,127.13599999999995
1343.235,29.386000000000003,162.65200000000002
1352.9210000000005,18.331000000000007,122.023
1336.572,46.413,168.66
1148.3490000000002,218.389,134.90800000000002
1053.571,180.14100000000002,130.861
1329.3799999999997,218.735,126.855
1346.6170000000002,197.77500000000003,142.509
1341.527,90.88800000000002,86.47100000000002
1338.15,112.458,124.461
1287.9930000000002,61.503,106.166
1125.591,140.513,115.74
1050.517,312.747,124.126
1347.832,351.1450000000001,110.877
1365.968,199.641,124.0
1365.495,173.95499999999996,129.12900000000002
1356.223,68.322,152.26
1344.7789999999998,155.872,126.768
1145.5739999999996,87.425,106.408
1060.239,124.40999999999998,136.51099999999997
1367.1190000000004,57.71400000000001,115.915
1409.5680000000002,42.218,78.91100000000002
1399.388,30.024,136.72400000000002
1406.689,35.425,160.05100000000002
1388.5979999999995,69.132,101.23900000000002
1169.708,83.14899999999999,102.679
1079.792,37.955,60.84
1387.259,36.89399999999999,71.364
1415.3619999999994,45.105,82.853
1418.5350000000003,110.42,95.34799999999998
1419.51,109.657,119.821
1396.0179999999998,41.992,124.312
1172.1160000000004,18.555000000000003,128.684
1078.244,15.711,123.03499999999998
1397.9100000000003,47.11099999999999,125.692
1423.7479999999998,102.12999999999998,111.98999999999998
1425.2479999999996,76.089,92.436
1423.0489999999995,63.28,90.02500000000002
1423.06,180.216,51.120000000000005
1188.869,75.142,53.091
1086.61,53.16499999999999,59.757000000000005
1413.548,71.80499999999999,89.68100000000001
1432.668,93.087,128.487
1439.671,104.75099999999998,146.901
1439.3819999999998,74.67699999999999,122.506
1413.0830000000003,23.299000000000003,102.953
1190.7109999999998,17.137,85.92
1108.882,157.22799999999998,54.796
1430.5870000000004,281.634,76.929
1426.5979999999995,61.541,117.971
1441.2960000000005,111.839,102.105
1452.119,188.06500000000003,65.25
1429.2400000000002,142.969,60.56999999999999
1191.276,50.57099999999999,113.267
1094.546,38.365,122.009
1418.6650000000002,32.29,113.405
1451.4620000000002,26.168,52.997
1447.3439999999998,12.246000000000002,80.13799999999999
1415.7689999999998,10.196,89.986
1110.3079999999998,44.422,117.679
1140.025,137.346,119.378
1101.846,62.392,73.745
1433.779,160.91800000000003,82.411
1479.844,313.8689999999999,49.44
1478.6420000000005,209.24999999999997,52.20799999999999
1478.021,197.397,79.59000000000002
1438.0069999999998,102.455,62.358
1210.109,30.514000000000003,45.737
1112.591,69.60600000000001,80.30499999999999
1446.082,89.49000000000002,45.408
1462.093,54.773,89.416
1463.674,54.71300000000001,65.657
1480.27,61.472,40.676
1456.4300000000003,74.10099999999998,42.73
1213.968,126.62599999999998,87.45599999999999
1104.9440000000002,265.341,105.22
1452.216,273.48800000000006,51.853
1494.806,286.298,40.925
1524.3480000000002,378.716,20.663
1505.152,84.07300000000004,29.981
1469.6949999999997,123.965,67.07100000000001
1250.048,76.45800000000001,35.54
1146.1539999999998,105.976,56.477
1462.7710000000002,107.15999999999995,57.641
1506.889,118.568,61.658
1510.275,70.21399999999998,48.358
1498.149,23.869,27.460000000000004
1416.1360000000002,68.18799999999999,51.02100000000001
1179.257,96.107,76.83500000000001
1132.342,174.948,73.45000000000002
1474.1040000000005,350.446,59.483
1510.9329999999998,130.53899999999996,41.38699999999999
1530.0909999999997,25.005000000000003,19.036
1514.495,39.699,27.494000000000007
1500.3850000000002,171.84799999999998,42.354
1261.0239999999997,166.50199999999998,68.173
1168.962,110.421,46.333000000000006
1501.3649999999998,78.69500000000002,22.479000000000003
1535.672,132.094,34.645
1543.1430000000005,73.135,26.875000000000004
1540.201,15.178,15.503
1510.641,163.24599999999998,29.288
1293.1319999999996,176.93400000000003,25.242
1190.0460000000005,138.19000000000003,18.338
1502.9589999999996,81.52499999999999,37.031
1552.3349999999998,128.22000000000003,7.552
1535.6520000000005,23.012000000000004,9.975
1547.113,11.57,21.425
1527.836,45.438,32.23
1306.239,126.349,41.52599999999999
1192.159,175.71299999999997,43.61
1518.845,161.459,27.402
1559.8969999999997,64.84600000000002,28.642
1580.036,183.548,25.873
1578.16,224.966,25.836
1568.285,321.298,18.583
1358.2720000000002,205.87200000000004,13.258
1262.219,162.849,8.08
1607.283,243.63,7.718
1638.098,60.01,8.456
1649.8269999999998,26.247,5.493999999999999
1639.12,59.732,7.318999999999999
1604.009,42.035,5.776
1363.198,39.90799999999999,10.71
1272.225,221.573,12.903000000000002
1584.1810000000005,186.888,25.811
1632.5509999999997,115.577,17.811
1648.487,437.577,9.482
1631.7139999999995,487.782,10.984999999999998
1578.7939999999996,558.256,20.422
1342.898,204.237,18.852
1246.85,133.072,17.321
1551.2970000000005,266.184,14.406
1563.6859999999997,197.242,12.506
1564.9120000000005,266.233,8.123
1518.9679999999998,398.166,7.479999999999999
1460.4660000000003,543.5690000000001,13.717000000000002
1302.196,598.355,15.090000000000002
1195.561,485.81700000000006,19.468
1363.14,648.5370000000001,14.822
1326.533,595.724,21.218
1154.524,527.182,18.589
1089.457,400.728,16.82
1101.6830000000002,42.512,18.696
1198.834,249.906,7.521
1168.079,137.84600000000003,15.524
1316.0929999999998,148.96600000000004,5.221
1300.367,121.775,3.3919999999999995
1183.51,145.511,3.721
1111.336,325.128,17.079
1300.8839999999998,603.5580000000001,7.758
1265.2709999999995,462.9529999999999,7.236000000000001
1198.854,385.02400000000006,19.984
1449.861,216.54300000000003,26.524
1452.8909999999998,117.231,32.888
1569.872,227.208,17.113
1586.974,440.3200000000001,8.597
1563.293,641.73,6.823
1331.448,634.6750000000001,20.477
1262.1610000000005,630.3790000000001,19.811000000000003
1582.0660000000005,631.8330000000001,11.025000000000002
1574.3019999999997,511.733,50.282
1593.6819999999998,406.986,18.105
1602.4040000000002,556.471,17.156
1565.3199999999997,249.329,22.817
1354.8010000000002,137.719,21.405000000000005
1267.4890000000005,127.217,31.261
1594.869,31.620999999999995,23.683
1629.7300000000002,16.736999999999995,10.79
1632.1459999999995,50.365,22.121
1636.9779999999996,62.294,12.119
1616.264,38.59,7.014999999999999
1402.911,156.99800000000002,9.832999999999998
1290.6550000000002,111.70699999999998,11.572
1611.883,231.594,10.594
1620.5649999999996,268.63100000000003,17.574
1626.1640000000002,441.697,16.581
1620.04,401.554,27.784
1587.346,125.179,13.462
1360.551,133.954,20.213
1273.828,121.819,24.68
1608.68,197.405,20.268
1639.2599999999998,97.155,27.53
1651.314,40.21799999999999,31.95
1647.357,127.51899999999998,29.04
1620.5069999999998,168.54800000000003,46.344
1408.553,284.22599999999994,55.924
1296.8550000000002,405.421,52.429
1618.6070000000002,382.505,15.048999999999998
1626.8640000000005,145.80300000000005,24.129
1623.0859999999998,26.156,28.011
1619.396,24.475,40.589
1583.1730000000002,96.107,64.53199999999998
1359.135,117.22899999999998,67.187
1261.167,202.852,60.94200000000001
1536.78,204.535,60.863
1600.0189999999996,64.95100000000001,40.31
1611.379,134.26100000000002,40.082
1607.7410000000002,243.061,62.938
1571.0169999999998,332.2839999999999,79.74499999999999
1345.9130000000002,270.833,49.617
1256.938,162.979,52.148
1592.6559999999995,365.7630000000001,28.046
1604.9909999999993,317.5560000000001,50.806
1585.249,107.04699999999995,72.24799999999999
1579.3500000000004,177.50499999999997,106.26300000000002
1569.187,136.122,65.845
1340.4889999999998,207.35,82.594
1235.8359999999998,449.937,36.68900000000001
1546.866,510.473,65.60100000000001
1570.6389999999997,430.8539999999999,101.146
1579.064,379.816,70.465
1573.5580000000002,164.829,68.654
1547.83,137.701,65.594
1317.4249999999995,269.20300000000003,114.556
1182.494,202.512,134.96699999999998
1496.531,74.487,118.813
1537.668,145.52800000000002,97.029
1530.601,124.235,114.652
1536.444,74.432,104.66800000000002
1524.4739999999997,153.322,85.05400000000002
1320.247,147.21999999999997,41.482
1212.893,243.31099999999995,63.37199999999999
1507.5190000000002,334.7219999999999,117.27799999999998
1506.485,186.919,131.459
1498.9600000000005,113.93699999999998,149.836
1508.011,45.01,135.88599999999997
1490.0080000000005,35.96,123.326
1304.469,164.026,75.30700000000002
1196.051,132.09100000000004,87.08
1500.293,66.90399999999998,113.19
1518.172,23.567999999999994,117.004
1508.028,142.02399999999997,116.248
1521.2409999999998,120.27100000000002,38.513
1499.7010000000002,219.296,76.24400000000003
1274.136,214.583,115.42
1187.673,521.684,37.867
1500.454,610.8620000000001,90.40299999999998
1517.419,624.6740000000002,69.416
1531.9440000000002,571.0569999999999,98.70999999999998
1506.1470000000004,418.505,81.69
1174.0949999999998,161.449,140.232
1193.2739999999997,88.66000000000001,96.84699999999998
1084.8300000000002,72.33700000000002,151.392
1122.7239999999997,76.945,111.57
1464.2859999999996,155.72299999999996,159.794
1476.0700000000002,78.784,125.824
1448.204,24.64700000000001,175.45000000000002
1420.437,44.875,180.74
1230.6030000000003,351.54,112.846
1122.5549999999998,300.331,159.134
1444.641,334.801,144.95999999999998
1463.975,216.884,168.19
1455.6659999999997,290.28,193.77
1447.2020000000002,137.14399999999998,147.324
1432.894,151.659,104.332
1199.975,84.779,169.882
1102.443,51.10400000000001,198.88299999999995
1410.4869999999996,113.38300000000002,205.49600000000004
1432.1990000000003,228.041,206.99000000000004
1423.398,105.756,160.09500000000003
1418.2929999999997,52.02099999999999,175.937
1398.64,59.09,199.57
1201.1740000000002,150.274,94.441
1103.922,67.13600000000001,128.818
1447.7820000000002,133.80899999999997,115.396
1467.317,133.987,106.754
1453.773,153.28799999999998,188.72
1424.302,150.687,131.62300000000002
1079.915,63.834,103.282
1125.9120000000005,40.322,143.598
1101.446,229.809,88.594
1413.223,197.049,138.38399999999996
1445.995,380.563,107.216
1434.754,305.75600000000003,145.29399999999998
1430.15,260.491,162.95700000000002
1392.394,52.543000000000006,176.12600000000003
1184.9910000000002,290.011,113.683
1088.438,240.723,181.404
1407.102,165.67600000000002,189.04100000000005
1433.0549999999998,280.1669999999999,161.21899999999997
1395.2379999999998,223.766,177.51
1098.291,77.642,145.41499999999996
1245.49,55.131,145.869
1151.318,193.20999999999995,138.18100000000004
1076.9390000000003,227.92200000000005,149.47799999999998
1396.521,156.963,182.09800000000004
1434.1030000000003,241.209,125.10000000000002
1425.217,92.801,105.493
1423.081,69.252,140.32
1393.65,41.41499999999999,176.991
1163.304,70.854,119.798
1010.009,22.434,143.26999999999995
1054.735,74.07899999999998,113.398
1388.669,147.333,110.496
1420.1040000000005,125.289,117.916
1416.905,256.677,165.64900000000003
1391.308,170.035,147.58999999999995
1182.8680000000002,290.9289999999999,140.754
1084.5679999999998,283.656,155.475
1394.1449999999998,147.38099999999997,132.072
1437.818,478.516,154.35200000000003
1412.5790000000002,316.33900000000006,177.705
1205.178,56.149,218.299
1320.672,156.82199999999995,216.424
1174.111,184.088,181.009
1070.875,109.24299999999998,186.591
1395.467,160.10700000000003,119.035
1418.8209999999997,106.815,97.876
1424.7000000000005,84.706,143.4
1420.772,58.75599999999999,172.31999999999996
1411.397,56.41900000000002,199.816
1192.3199999999997,143.809,143.346
1073.904,114.35199999999998,166.14499999999998
1393.554,112.77900000000002,133.09599999999998
1401.419,90.33500000000002,137.91800000000003
1402.1989999999996,127.65300000000002,192.863
1419.662,223.961,87.71200000000002
1395.9310000000005,218.656,104.668
1180.535,135.488,107.567
1085.1269999999995,80.067,107.638
1409.975,122.563,90.98600000000002
1431.5239999999997,207.185,126.521
1431.0969999999998,177.37099999999998,132.832
1417.8649999999998,42.68900000000001,175.95700000000002
1394.149,31.867,157.912
1175.9119999999998,166.76799999999997,112.506
1064.6420000000005,63.40299999999999,186.14
1398.2829999999997,52.494,182.155
1423.8090000000002,47.23,207.983
1444.9570000000003,158.819,217.82700000000003
1470.1999999999998,218.79,212.962
1439.366,71.633,189.467
1215.227,82.89299999999999,196.26200000000003
1121.1749999999995,97.525,174.59299999999996
1422.0649999999998,173.29899999999998,190.647
1454.9920000000004,120.46899999999998,184.434
1434.461,418.904,127.198
1415.7099999999998,418.7169999999999,137.69099999999997
1380.306,217.787,200.97
1165.9979999999998,50.018,193.952
1084.822,116.87,140.93999999999997
1401.8450000000005,112.572,75.68700000000001
1429.539,115.93200000000002,108.586
1430.462,50.165,162.62099999999998
1440.1809999999998,42.96,183.513
1425.905,187.513,168.47600000000003
1186.873,150.58100000000002,148.59799999999998
1093.809,147.605,108.781
1399.2880000000002,116.549,145.53300000000002
1449.58,197.342,172.694
1442.967,87.09299999999998,165.59900000000002
1417.126,74.843,132.932
1388.7110000000002,108.88,169.17400000000004
1176.33,461.9720000000001,135.593
1051.8670000000002,241.118,177.35
1354.408,290.984,113.897
1379.2069999999994,427.335,123.039
1374.8929999999998,405.033,118.725
1370.35,396.1570000000001,151.51100000000002
1326.9479999999996,127.66599999999998,188.273
1123.8090000000002,61.181,157.69799999999998
1038.046,46.869,183.837
1353.9120000000005,127.868,203.41200000000003
1385.4399999999998,162.88699999999997,139.899
1368.478,68.68599999999999,194.808
1389.7430000000002,94.69,190.6
1363.039,73.113,176.365
1162.867,126.431,157.08399999999995
1071.309,70.336,171.801
1364.3639999999998,77.203,149.19
1384.0700000000002,79.87700000000001,166.506
1394.0840000000003,77.83099999999999,154.922
1394.573,210.782,182.845
1365.638,188.334,146.49800000000002
1143.305,65.667,121.592
1068.273,98.615,56.387
1364.6609999999998,142.498,49.802
1374.6929999999995,104.85600000000004,94.32899999999998
1363.831,33.009,104.52600000000002
1367.7,30.544,123.53
1343.751,55.19399999999999,173.46800000000002
1144.3469999999998,129.765,186.346
1063.363,289.78600000000006,171.318
1386.899,258.47,120.085
1400.4839999999997,395.6089999999999,127.304
1411.1190000000004,288.872,180.24400000000003
1423.337,218.99,119.737
1383.029,86.61800000000001,107.129
1164.636,40.84700000000001,172.19399999999996
1085.5680000000002,55.97099999999999,162.39500000000004
1418.0650000000005,101.452,166.71800000000002
1454.1930000000002,221.322,94.596
1431.186,182.79100000000005,120.10800000000002
1424.9130000000002,113.314,91.536
1398.09,240.758,123.201
1188.41,446.861,95.646
1108.465,481.0819999999999,97.59800000000004
1409.703,147.32600000000002,89.038
1434.1840000000002,78.66700000000002,118.003
1426.9299999999996,95.91599999999998,142.309
1426.198,152.08700000000002,141.593
1407.6950000000002,142.54100000000005,138.019
1201.7610000000002,148.79499999999996,131.44
1113.172,137.882,96.78999999999998
1438.2569999999998,229.019,70.731
1458.246,352.415,95.003
1475.5,319.829,70.32499999999999
1478.1129999999998,438.0800000000001,76.106
1415.759,180.15100000000004,111.53
1194.287,85.477,105.757
1109.639,166.83,90.97799999999998
1420.448,96.52,133.641
1461.9889999999996,171.15099999999995,66.47399999999999
1466.2,79.286,64.206
1456.2100000000005,195.382,99.773
1427.929,77.128,104.58899999999998
1212.7610000000002,68.06299999999999,94.86
1121.202,91.51900000000002,130.186
1431.7289999999998,90.68,130.787
1459.78,163.317,142.00099999999998
1458.9140000000002,142.645,159.76899999999998
1425.006,102.329,169.80900000000003
1391.05,81.22900000000001,160.641
1103.1129999999998,58.12900000000001,134.11300000000003
1096.6090000000002,54.97600000000001,71.88000000000001
1411.5360000000005,140.70300000000003,101.552
1472.8390000000002,289.122,56.15700000000001
1482.683,196.138,37.459
1476.6840000000002,50.85999999999999,44.709
1434.1289999999997,50.77,60.43699999999999
1214.9739999999997,198.301,72.662
1126.6439999999998,324.805,111.136
1445.2069999999997,215.95800000000003,119.87
1511.174,127.045,44.312000000000005
1541.5169999999996,131.671,22.929
1543.672,174.99800000000005,13.685
1508.6350000000002,85.50999999999999,16.652999999999995
1271.6779999999997,25.188,30.161
1179.09,31.86,29.226
1492.3269999999998,20.771,37.181
1515.9689999999998,28.515000000000004,35.2
1511.232,129.95,42.151
1514.531,262.632,36.773
1464.9549999999997,169.68699999999998,62.1
1245.4040000000002,141.877,65.28599999999999
1166.5499999999995,107.513,40.377
1460.365,142.08900000000003,77.655
1501.4819999999995,162.71399999999997,64.449
1513.639,162.39,50.586000000000006
1505.791,30.978,30.314000000000004
1482.9890000000005,91.141,34.647
1237.624,188.01,72.03099999999999
1163.587,77.939,87.09499999999998
1487.294,36.538,80.938
1524.191,27.695,79.488
1523.905,88.244,60.406
1505.1570000000002,104.743,67.52700000000002
1479.034,217.747,40.38199999999999
1269.524,350.353,28.78
1162.261,317.087,68.16199999999999
1496.9310000000005,578.6919999999999,33.549
1533.091,586.7679999999999,33.653
1521.9320000000002,385.009,44.773
1518.605,283.66299999999995,47.09
1512.112,468.868,36.627
1298.1319999999998,575.8399999999999,41.392
1203.657,530.7900000000001,21.279
1504.112,433.9,45.787
1542.2819999999997,493.618,15.27
1533.1249999999998,689.13,42.715
1550.1950000000002,654.2799999999999,30.482
1531.888,304.53700000000003,12.021
1312.858,195.65000000000003,28.132
1241.689,295.0419999999999,22.313
1563.4449999999997,155.925,26.796000000000003
1616.7699999999995,408.152,37.328
1613.4079999999997,175.26699999999997,11.463
1596.015,97.362,23.364
1573.0739999999998,248.985,32.104
1364.086,494.2050000000001,17.984999999999996
1267.062,696.6370000000002,7.67
1571.189,597.162,11.928999999999998
1588.0210000000002,402.6950000000001,14.229
1585.3080000000002,344.001,11.218
1577.457,279.5230000000001,32.059999999999995
1570.3180000000002,509.941,18.361
1337.095,584.7270000000001,37.127
1232.073,589.6269999999998,39.065
1536.2510000000004,115.882,37.847
1572.7400000000002,216.441,42.705
1586.3929999999998,279.995,21.606
1596.593,383.741,38.635000000000005
1578.2199999999998,519.489,21.611000000000004
1334.3760000000004,422.2509999999999,25.051
1242.101,288.095,23.287000000000003
1554.947,110.012,27.409
1567.9,81.591,18.892000000000003
1562.404,253.007,11.903
1512.0950000000005,348.14500000000004,14.895
1462.4430000000002,328.025,13.02
1255.073,315.386,28.491
1165.159,370.892,31.769
1396.4540000000004,583.3849999999999,13.837
1379.0310000000002,636.047,26.536999999999995
1312.974,552.049,28.189
1121.944,450.484,36.87
1047.2769999999998,420.504,32.053000000000004
1049.3490000000002,608.3749999999999,43.838
1068.214,440.394,38.62499999999999
1219.075,206.191,41.696000000000005
1233.6600000000003,305.635,32.62499999999999
1238.863,365.17599999999993,27.27
1158.103,358.33000000000004,20.226
1060.3660000000002,107.20900000000002,18.563
1192.698,409.6219999999999,9.406
1179.282,406.296,13.518999999999998
1456.294,278.46,10.079999999999998
1506.737,206.46799999999996,12.549
1454.685,156.044,12.595
1540.3040000000003,313.603,14.638
1515.84,460.8759999999999,40.969
1311.996,205.629,23.891
1217.985,344.477,18.9
1543.692,199.876,10.178
1574.0579999999998,309.153,15.134
1595.1809999999998,340.7990000000001,12.165000000000004
1594.6,236.936,44.55
1589.38,150.572,8.69
1376.513,141.73299999999998,8.774000000000001
1288.699,103.349,8.734
1629.9109999999998,89.96900000000001,19.421
1672.3200000000002,169.572,20.782
1661.6459999999995,114.69199999999998,14.239000000000004
1657.0489999999998,47.23199999999999,19.335
1653.635,206.777,35.197
1400.2919999999997,279.83900000000006,10.634
1274.6289999999997,256.69500000000005,17.41
1556.816,306.528,33.782000000000004
1570.8840000000002,484.66600000000005,41.686
1574.4270000000004,659.5629999999999,24.514000000000006
1559.91,463.767,36.615
1545.3180000000004,650.3449999999999,49.519000000000005
1339.3189999999995,673.8139999999999,27.902
1233.7140000000002,490.027,19.957
1533.857,567.769,14.782999999999998
1565.4930000000002,695.8209999999999,25.387
1583.04,534.9709999999999,30.859
1588.9789999999998,364.4090000000001,15.194
1545.368,270.007,22.661
1293.588,412.127,60.22500000000001
1209.6170000000002,515.967,38.07399999999999
1498.211,751.656,32.279999999999994
1550.3489999999997,614.3670000000002,22.971
1578.526,402.859,28.641000000000005
1562.2139999999995,321.21900000000005,44.046
1541.9449999999997,84.49300000000001,66.405
1331.757,169.92400000000004,49.373000000000005
1228.4040000000002,280.404,26.91
1565.899,213.62000000000003,23.473
1596.2590000000002,77.66400000000002,47.47299999999999
1611.7289999999998,197.773,44.22199999999999
1584.1799999999998,81.678,63.591
1575.679,124.39,35.428000000000004
1366.934,607.0820000000001,17.518000000000004
1229.811,640.2540000000001,22.523
1534.638,538.0759999999999,50.117
1575.7980000000002,293.991,37.724
1578.573,251.74400000000009,74.17699999999999
1581.2199999999998,165.28900000000002,60.597
1543.5530000000003,88.15400000000002,77.85900000000001
1314.531,114.991,110.025
1221.887,187.645,71.20200000000001
1544.11,245.94999999999996,43.41599999999999
1581.8220000000003,247.365,47.933
1573.2110000000002,359.87700000000007,33.769000000000005
1562.3730000000005,105.489,52.006
1548.866,282.382,74.041
1317.666,84.15099999999998,41.606
1223.3599999999997,121.34399999999997,49.204
1531.428,58.417,72.46000000000001
1574.8370000000002,73.723,75.801
1563.842,242.09999999999997,119.006
1546.814,126.091,96.694
1531.6200000000003,93.16,68.22500000000001
1320.899,88.706,62.817
1217.183,136.273,61.354
1511.613,92.64,132.422
1568.0540000000003,158.489,35.241
1560.626,259.235,108.366
1530.473,82.66499999999999,157.923
1518.48,134.001,111.766
1313.651,128.62900000000002,74.603
1210.4520000000002,280.151,63.35999999999999
1518.7239999999997,317.208,62.18
1534.757,175.30900000000003,69.93400000000001
1527.4989999999998,139.66700000000003,62.735
1491.3160000000005,78.905,72.098
1200.708,179.416,34.32599999999999
1175.7890000000002,245.276,126.35900000000002
1078.086,417.86300000000006,88.52400000000002
1114.596,496.78,93.275
1442.3559999999998,412.702,106.981
1491.4979999999998,296.894,69.887
1482.2049999999997,115.269,89.28099999999999
1451.858,96.54999999999998,105.43399999999998
1218.446,175.06199999999998,141.47600000000003
1107.6130000000005,103.749,124.609
1418.2469999999998,138.27499999999998,114.35199999999998
1453.871,144.458,97.348
1466.7279999999998,414.3370000000001,111.12300000000002
1472.789,345.7989999999999,95.247
1440.043,88.271,112.624
1206.6360000000002,76.923,114.946
1106.457,155.992,128.07500000000002
1412.149,228.26400000000004,159.55200000000002
1446.9250000000002,96.34400000000002,125.51900000000002
1458.691,48.092000000000006,105.106
1447.3529999999998,57.07299999999999,125.473
1429.3230000000003,216.47,77.301
1200.1250000000002,321.74,94.122
1113.5210000000002,190.56599999999997,87.31599999999999
1428.7820000000002,254.759,119.691
1452.976,395.76499999999993,127.562
1438.061,181.41700000000003,191.526
1433.1419999999998,101.879,208.647
1410.0830000000003,149.515,171.50000000000003
1208.184,197.282,89.69399999999999
1126.023,174.225,136.642
1456.44,258.048,119.736
1493.585,270.621,96.57
1507.164,390.803,106.074
1483.175,184.04800000000003,146.866
1451.057,303.943,161.03099999999998
1205.8689999999997,150.23399999999998,156.37400000000002
1078.602,179.87,147.93099999999995
1405.185,81.86800000000001,197.18300000000005
1462.935,208.678,139.15099999999998
1430.136,84.96100000000001,174.185
1111.379,150.624,212.713
1254.0510000000002,255.574,217.56900000000005
1149.938,315.362,215.963
1072.6530000000002,390.5570000000001,217.819
1403.8449999999998,360.421,207.427
1431.813,258.663,157.70999999999998
1441.717,304.4360000000001,180.639
1444.3239999999998,319.67799999999994,129.861
1405.332,216.936,135.92600000000002
1168.6180000000004,387.183,132.009
1048.215,391.687,130.93499999999997
1080.327,264.281,115.66
1406.559,193.38,113.156
1432.7720000000002,88.94900000000001,151.707
1436.909,60.078,119.795
1415.619,179.2,144.39700000000002
1175.5669999999998,133.51700000000002,186.83900000000003
1099.1520000000005,217.768,185.444
1430.6350000000004,179.097,83.88600000000001
1454.0069999999998,179.90800000000002,57.672
1426.676,27.068,100.66100000000002
1221.0959999999998,21.7,169.09799999999996
1313.7099999999998,37.27099999999999,143.397
1169.531,85.46800000000002,160.59300000000002
1096.905,163.10300000000004,124.929
1423.5739999999998,246.019,121.137
1435.085,106.179,141.40599999999998
1431.441,174.74,99.114
1421.839,108.363,120.895
1394.273,102.326,143.213
1170.0510000000004,54.24799999999999,173.422
1076.4399999999998,51.03000000000001,176.637
1393.733,69.562,217.347
1419.2320000000002,48.539,214.927
1420.1980000000003,162.731,160.18699999999998
1405.9740000000002,100.748,155.237
1371.476,141.588,220.844
1156.4510000000002,43.853,134.774
1080.805,85.06299999999997,120.363
1390.9360000000006,105.64700000000003,116.442
1413.1969999999997,66.55900000000001,135.00400000000002
1408.312,52.425,142.13299999999998
1405.908,31.063,136.23099999999997
1382.5770000000002,161.169,117.882
1162.117,141.464,166.88499999999996
1066.99,87.349,138.538
1377.7949999999998,225.611,185.492
1408.899,95.575,131.177
1426.195,54.656,185.635
1446.406,149.945,229.714
1427.8890000000004,100.46,198.067
1195.55,131.554,134.967
1071.035,167.57299999999995,160.40700000000004
1389.2530000000002,173.928,168.835
1415.082,95.77499999999998,177.457
1422.497,233.871,181.635
1420.479,151.654,123.378
1397.573,252.986,167.25000000000003
1173.694,267.166,105.32899999999998
1064.1180000000002,184.803,161.292
1375.6119999999996,55.84799999999999,183.524
1416.8410000000003,337.07500000000005,166.21300000000002
1413.5970000000002,430.53,182.117
1400.1619999999998,112.99299999999998,217.736
1393.535,230.053,170.852
1167.211,202.267,180.61
1088.476,189.08400000000003,213.02399999999997
1408.131,330.19700000000006,167.829
1418.663,149.814,118.051
1392.8839999999998,66.368,123.384
1395.8550000000005,304.15,117.361
1362.975,287.953,129.00400000000002
1142.2480000000005,126.345,157.543
1065.412,105.56300000000002,140.82100000000003
1371.539,103.149,185.383
1399.1629999999998,43.356,208.40399999999997
1419.223,139.19199999999998,221.746
1419.3189999999995,82.85000000000002,139.663
1386.894,68.983,172.88300000000004
1167.148,39.23,138.54399999999998
1076.257,17.042,164.82100000000003
1382.122,45.95700000000001,159.209
1401.714,39.085,151.243
1396.6149999999998,86.50899999999997,144.98
1383.221,48.287000000000006,143.428
1351.6609999999998,125.464,149.903
1142.74,108.953,163.95400000000004
1054.524,70.32999999999998,96.64
1321.9400000000005,136.10799999999998,171.73599999999996
1356.852,91.28499999999998,82.123
1382.4480000000003,275.57499999999993,101.858
1376.755,237.706,136.499
1333.8470000000002,136.095,104.52
1126.2380000000005,162.146,141.83700000000002
1038.178,219.447,198.06500000000003
1339.9519999999995,350.032,172.57600000000002
1348.4029999999998,191.31500000000003,110.44499999999998
1342.669,178.86099999999996,127.484
1336.4730000000004,193.68099999999995,145.30399999999997
1332.298,190.515,63.616
1134.686,263.6280000000001,175.705
1036.969,98.414,166.92600000000002
1286.423,64.96699999999998,173.78400000000002
1346.943,63.30799999999999,183.882
1342.218,45.539,188.33300000000003
1354.9949999999997,47.811,161.67900000000003
1341.0120000000002,50.566,166.27400000000003
1143.5340000000003,147.60700000000003,110.18500000000002
1042.629,246.759,125.987
1357.5179999999998,179.294,125.14500000000002
1389.3649999999998,59.53100000000001,172.384
1405.5739999999998,120.302,197.84
1414.684,180.961,199.404
1399.2990000000002,126.573,191.312
1183.501,91.286,185.59500000000003
1095.56,215.476,162.508
1401.324,228.76299999999995,109.809
1387.894,86.649,178.617
1401.426,62.143000000000015,188.46600000000004
1407.5200000000002,77.946,147.092
1382.375,104.55300000000004,164.30900000000003
1156.702,109.43799999999996,136.41599999999997
1091.754,272.30999999999995,77.08700000000002
1384.297,137.31400000000002,92.802
1398.7539999999997,51.471,160.063
1405.1160000000002,78.32900000000001,178.62
1420.9589999999998,114.339,177.86099999999996
1392.97,62.264,154.78900000000002
1173.301,59.95100000000001,162.47199999999998
1088.362,71.635,146.761
1409.9869999999996,90.561,164.97600000000003
1446.824,161.695,163.84299999999996
1442.332,226.501,161.426
1436.4209999999998,263.849,153.03799999999998
1397.158,87.37299999999999,99.221
1179.558,182.262,49.46699999999999
1087.556,186.179,64.64999999999999
1389.524,55.54800000000001,60.986
1410.447,24.112,79.26799999999999
1407.202,38.319,130.4
1401.531,31.322,146.984
1383.836,74.25699999999999,123.533
1160.873,91.768,147.248
1074.47,176.28000000000003,153.542
1394.293,51.975,111.499
1422.983,139.471,123.347
1435.4920000000002,463.103,101.805
1436.7970000000005,514.5169999999999,127.18900000000002
1403.626,223.67299999999997,87.73400000000001
1175.987,111.097,65.25800000000001
1081.6829999999998,183.43400000000003,69.52599999999998
1105.1950000000002,193.54,66.70200000000001
1422.066,363.248,77.26799999999999
1455.863,375.078,108.76000000000002
1489.8080000000002,336.55300000000005,28.99300000000001
1452.49,147.23299999999995,43.97
1233.1539999999998,136.66400000000002,56.455
1143.149,64.24700000000001,68.378
1456.0390000000004,35.629999999999995,64.50399999999999
1494.2240000000004,178.161,48.841
1495.956,197.458,47.868
1503.571,331.642,53.251
1477.9530000000002,419.2180000000001,69.783
1243.613,210.1,55.67900000000001
1136.2669999999998,125.356,97.233
1461.4140000000002,132.59000000000003,46.779
1489.6219999999998,164.324,42.428
1503.5650000000005,204.847,38.16999999999999
1506.2040000000002,144.763,38.41
1479.348,123.034,28.979000000000003
1247.09,74.70800000000001,42.324000000000005
1154.9979999999998,72.829,60.492
1482.911,111.547,34.942
1499.188,42.55500000000001,24.537000000000003
1495.4409999999998,78.295,35.981
1495.821,225.143,46.392
1480.3160000000005,375.774,40.04200000000001
1243.5500000000002,273.698,49.989
1141.6240000000005,95.191,65.403
1331.536,57.291,62.064
1301.8729999999998,249.784,54.056
1519.388,426.114,39.838
1532.0500000000002,123.48899999999998,54.63
1509.5370000000005,256.74300000000005,46.151
1299.408,182.205,18.56
1204.939,201.677,23.128
1529.1629999999998,163.15,22.875
1571.629,114.08599999999998,27.041
1577.031,128.014,37.869
1577.6570000000002,131.25199999999998,19.282
1568.043,110.925,21.116
1343.044,118.34199999999998,33.756
1252.9719999999998,160.852,44.542
1564.09,268.23,67.96199999999999
1604.101,383.509,15.411999999999995
1574.0389999999995,389.678,11.126
1564.308,530.966,22.844
1544.541,630.4669999999999,26.264000000000003
1334.341,404.577,15.963
1233.9729999999995,653.8360000000001,46.876
1533.053,392.4690000000001,32.608000000000004
1552.9989999999998,242.999,26.529
1546.1540000000002,87.572,36.896
1565.5870000000002,236.318,29.136
1544.217,135.453,28.021
1336.7359999999996,152.083,12.380000000000004
1236.9530000000002,280.778,28.533
1573.7210000000005,202.377,62.711
1628.617,225.93499999999997,70.378
1638.3389999999995,492.3519999999999,43.081
1631.279,673.199,16.612999999999996
1585.4499999999998,305.23400000000004,33.942
1371.141,71.49000000000001,56.021
1299.91,94.521,48.039
1614.383,83.789,40.092000000000006
1650.0380000000002,81.145,30.851
1671.129,326.674,22.856
1632.362,488.8810000000001,39.197
1591.4199999999998,426.732,20.611
1345.308,392.208,40.237
1267.9969999999998,541.689,11.375
1569.869,162.478,15.058000000000002
1602.297,105.68300000000002,21.872
1595.2929999999997,61.78799999999998,16.450999999999997
1601.397,190.446,15.773
1567.4879999999998,129.076,28.827
1365.5790000000002,95.797,18.208
1266.4950000000003,123.343,8.439
1542.018,73.53399999999999,18.000999999999998
1572.427,165.17200000000005,26.455
1567.3990000000003,309.568,22.974
1512.6609999999998,257.197,20.109
1415.8109999999997,395.296,16.111
1195.354,681.509,12.843
1117.6729999999998,719.7779999999999,6.608
1121.213,718.1600000000001,15.463000000000005
1289.3239999999998,640.8950000000001,23.448
1294.881,214.98999999999995,19.45
1295.897,167.69799999999998,42.91
1291.0440000000003,239.257,48.546
1212.568,315.06300000000005,34.57999999999999
1130.4130000000002,307.12500000000006,35.291000000000004
1441.052,295.099,12.479
1529.9900000000002,666.1729999999999,9.351
1553.083,686.5779999999997,12.814
1547.238,261.75800000000004,20.797000000000004
1501.795,115.72299999999998,33.341
1405.1450000000004,252.307,8.386999999999999
1301.0110000000002,41.26099999999997,4.9910000000000005
1604.348,190.983,7.070000000000001
1639.046,280.373,13.044999999999998
1654.809,637.259,7.379
1620.597,584.792,17.865
1608.8950000000002,518.6179999999999,14.311
1392.736,487.189,16.767
1289.904,229.77,16.104999999999997
1605.465,69.20899999999999,17.600000000000005
1649.1039999999998,79.36299999999999,22.909
1669.3949999999998,148.91500000000002,22.709
1667.4770000000003,121.272,38.191
1641.7370000000003,109.383,39.633
1423.02,78.89300000000003,45.477
1340.341,50.77400000000001,47.386
1663.492,39.71000000000001,30.939
1682.0020000000002,31.375,10.3
1674.171,70.772,17.72
1659.5269999999998,235.128,56.487
1629.164,254.27,68.62500000000001
1394.033,208.827,65.964
1296.1700000000003,304.952,53.854
1605.3560000000002,338.292,18.577
1620.86,124.784,12.064
1627.9649999999997,221.296,23.817
1604.12,254.391,42.21900000000001
1574.5760000000002,188.03800000000004,24.223000000000003
1344.3909999999998,211.453,49.257000000000005
1238.8790000000004,118.33199999999998,46.216
1574.502,152.11899999999997,28.576
1621.5740000000003,264.513,29.271000000000004
1625.4149999999995,219.683,30.996
1637.7399999999998,207.538,45.278000000000006
1622.7850000000003,290.957,33.9
1386.7089999999998,329.651,56.393
1293.212,350.271,37.667
1597.275,338.18600000000004,89.58200000000001
1593.5600000000002,205.089,110.28799999999998
1579.457,98.87900000000002,113.905
1576.044,282.404,92.428
1556.1059999999998,255.288,31.449
1327.2720000000002,160.16299999999998,34.516000000000005
1245.9789999999998,348.515,58.42
1563.139,648.8070000000002,31.768
1566.9019999999998,580.922,35.746
1584.3429999999998,826.2779999999999,25.278
1561.2349999999997,705.4029999999999,50.721
1539.6029999999998,522.1089999999999,70.53999999999999
1319.0749999999996,413.771,97.579
1208.725,545.141,59.46
1467.695,558.4050000000001,86.39
1532.536,602.2240000000003,49.10799999999999
1551.41,463.541,55.172
1541.7329999999995,640.792,79.159
1514.1139999999998,323.8790000000001,94.663
1265.589,253.25400000000008,99.949
1185.541,375.785,75.046
1519.85,244.779,52.157
1554.86,98.963,41.35900000000001
1565.245,362.636,53.96
1545.0659999999998,348.595,48.42600000000001
1496.8089999999995,301.929,103.546
1265.4160000000002,142.96899999999997,119.26999999999998
1170.7,322.13200000000006,145.741
1478.837,107.99600000000002,135.05100000000002
1508.3659999999998,282.164,109.52
1497.831,310.125,113.661
1485.207,235.86000000000004,153.45199999999997
1477.4999999999995,520.7909999999998,93.963
1294.453,666.659,39.690000000000005
1180.593,527.13,36.26
1476.082,540.3779999999999,61.80100000000001
1510.116,405.316,70.29400000000001
1511.842,168.37899999999996,87.60499999999999
1498.325,211.129,95.997
1467.5279999999998,152.37,120.427
1234.089,203.03500000000005,168.35999999999996
1126.8689999999997,79.32600000000001,171.806
1429.636,71.21600000000001,191.843
1445.3820000000003,111.191,185.231
1455.418,347.697,115.056
1439.1710000000005,213.209,142.403
1402.5849999999998,260.808,169.849
1186.056,82.512,144.80100000000002
1096.921,110.511,134.67399999999998
1407.9009999999998,58.207,119.735
1426.521,40.669,121.486
1456.718,333.525,117.913
1463.9059999999995,398.4029999999999,126.858
1450.322,404.733,97.87900000000002
1202.7530000000002,65.95700000000001,127.615
1106.1140000000005,96.046,198.082
1430.915,501.6730000000002,155.882
1451.1629999999998,363.86,135.414
1455.273,561.1290000000001,114.22299999999996
1420.099,470.2269999999999,100.21699999999998
1130.2759999999998,261.47400000000005,113.624
1154.583,537.558,85.44500000000001
1048.707,292.344,101.419
1086.456,211.533,92.953
1432.3590000000002,288.2600000000001,102.215
1476.37,164.62699999999998,123.416
1472.5990000000002,122.12200000000004,177.03199999999995
1458.7380000000005,447.727,148.602
1254.143,545.8969999999999,95.93400000000004
1156.946,393.913,130.111
1448.633,325.098,192.26
1482.6440000000005,241.647,99.27099999999996
1488.591,54.22400000000002,104.559
1485.878,119.39199999999998,111.663
1452.533,94.467,105.07399999999998
1209.53,109.14,146.74199999999996
1091.063,435.487,231.643
1103.225,440.713,119.738
1452.6689999999996,403.34,91.07000000000002
1471.946,312.202,126.097
1487.176,367.415,84.35700000000001
1446.1170000000002,147.42800000000005,83.79899999999999
1199.3840000000002,104.874,163.63100000000003
1113.1289999999997,102.377,110.396
1442.2229999999995,267.939,63.928
1434.6,77.05199999999999,150.561
1425.5150000000003,107.246,204.90100000000004
1419.3309999999994,199.236,197.324
1406.4660000000003,192.3,147.97400000000005
1171.8200000000002,77.736,155.42799999999997
1071.069,87.58800000000001,151.41800000000003
1387.278,71.279,192.922
1421.6640000000004,124.90099999999998,179.56900000000002
1426.8719999999998,187.556,220.50799999999995
1429.989,189.879,178.86000000000004
1416.083,215.484,122.884
1171.1560000000002,153.79599999999994,171.47899999999998
1070.7110000000002,72.355,198.57200000000003
1383.2310000000002,67.128,210.585
1419.738,237.76599999999996,200.259
1397.888,256.285,144.80300000000005
1094.1999999999998,150.75099999999998,187.871
1229.7040000000002,88.716,231.035
1140.566,209.174,241.58
1079.39,161.911,216.45099999999996
1414.0190000000002,55.642,208.70600000000005
1450.4110000000005,212.497,166.43099999999998
1437.944,304.1,197.219
1407.4610000000002,88.55799999999999,224.98400000000004
1392.3610000000003,50.81599999999999,208.993
1162.876,97.751,165.084
1016.024,231.5310000000001,121.321
1028.159,121.56,162.74300000000002
1367.6049999999998,452.61300000000006,126.20900000000002
1401.233,669.2189999999999,165.29300000000003
1388.3650000000002,282.752,191.84
1380.8860000000002,236.11900000000009,164.40599999999998
1149.6329999999998,89.47400000000002,214.426
1067.4589999999998,196.269,221.962
1393.638,508.7639999999999,171.729
1400.2130000000002,306.51500000000004,177.201
1369.96,67.958,230.83600000000004
1204.597,149.85099999999997,211.22700000000003
1302.8170000000002,481.14,165.344
1139.3680000000002,252.582,158.358
1065.075,46.00000000000001,219.18
1394.0630000000003,31.187,237.841
1440.5469999999998,148.46800000000002,218.023
1434.325,53.05499999999999,218.323
1459.289,272.141,188.273
1425.3799999999997,427.696,169.41099999999997
1184.272,378.218,171.52099999999996
1086.6370000000002,346.37699999999995,121.687
1399.3,216.418,191.612
1417.749,97.724,151.238
1431.5,254.201,142.15699999999998
1411.06,193.698,105.58300000000004
1383.979,379.31000000000006,150.374
1160.7620000000002,326.42499999999995,109.99099999999996
1074.715,312.884,106.362
1368.5370000000005,274.607,196.60199999999995
1393.457,172.131,193.72800000000004
1396.984,33.863,201.44
1408.6789999999996,51.188,217.3460000000001
1395.2579999999996,123.19100000000002,173.788
1173.655,132.11500000000004,181.671
1066.2199999999998,49.08400000000001,180.651
1387.9629999999995,85.882,127.007
1394.364,172.81899999999996,152.58999999999995
1412.2759999999998,353.673,90.65800000000002
1374.525,183.807,200.408
1343.5679999999998,85.72900000000001,149.478
1124.203,81.75399999999998,154.732
1046.128,160.913,152.48000000000002
1350.745,98.54,177.55100000000002
1380.639,79.389,216.313
1411.458,234.00700000000003,212.238
1401.05,163.69799999999998,133.95399999999998
1355.297,110.599,204.26400000000004
1151.213,166.01600000000005,161.242
1048.236,207.802,141.33900000000003
1336.9689999999998,85.82,95.694
1373.2560000000003,289.62,72.04099999999998
1365.235,248.693,83.03300000000002
1356.9740000000004,176.04999999999998,104.742
1328.12,287.31100000000004,160.09699999999998
1132.5469999999998,293.623,168.39000000000007
1061.415,327.095,183.22200000000004
1333.13,125.19599999999998,183.307
1364.8189999999995,100.08,159.88899999999995
1365.735,103.491,165.59099999999998
1389.4450000000002,402.3609999999999,120.16700000000002
1349.4230000000002,455.3789999999999,145.63100000000003
1130.1339999999998,232.881,148.61099999999996
1024.3239999999998,168.42,164.45800000000003
1302.062,123.84300000000002,216.11700000000005
1343.899,247.468,143.742
1342.432,208.824,169.034
1351.4910000000002,100.274,71.16000000000001
1329.0389999999998,108.57700000000004,42.198
1121.458,305.908,80.906
1025.07,101.26599999999998,141.15699999999998
1305.3410000000003,136.416,201.027
1333.398,182.064,172.20500000000004
1364.0290000000002,68.592,150.677
1377.745,207.76,143.193
1362.4799999999998,190.792,125.639
1130.9819999999995,362.033,140.368
1042.8090000000002,314.058,156.86800000000002
1347.212,211.871,158.357
1363.1459999999995,87.14399999999999,173.37500000000003
1365.414,83.431,199.193
1381.8849999999998,188.635,146.34100000000004
1363.835,84.581,171.90500000000003
1155.017,51.27700000000001,152.01999999999998
1066.659,130.05499999999998,147.845
1369.0980000000002,45.22399999999999,178.631
1409.3669999999995,98.161,193.585
1434.052,190.4350000000001,152.12399999999997
1417.9736799999998,208.497,70.794
1361.7873499999998,34.233,83.40699999999998
1135.72984,37.373,106.189
1057.50932,26.179,140.194
1359.36636,81.042,168.12300000000002
1391.7154899999998,107.604,135.541
1421.76263,409.909,92.002
1406.7650499999995,328.3280000000001,100.497
1407.6817900000003,516.6700000000001,82.39300000000001
1187.91825,276.054,63.259
1092.1046,307.77399999999994,113.33
1411.2285800000002,576.2600000000001,102.462
1428.50639,460.8080000000001,103.03100000000002
1460.61621,761.7510000000001,76.821
1456.4748699999998,633.3580000000001,64.47999999999999
1409.7846999999997,316.345,120.94
1181.50447,68.90899999999998,99.448
1095.3202100000003,25.43,119.927
1403.6321399999997,55.376,106.991
1429.80947,86.27799999999999,93.989
1442.87787,137.566,85.20700000000001
1421.64603,45.21,123.775
1401.4063299999996,16.478000000000005,113.89100000000002
1191.1034499999998,28.878000000000004,117.18600000000002
1115.0728800000002,53.474,88.861
1419.5917099999997,104.59099999999998,91.453
1445.4060599999998,139.10100000000003,102.238
1451.00792,144.547,108.03700000000002
1446.4482799999998,132.50700000000003,84.59500000000001
1427.92132,177.38899999999998,99.958
1216.86135,198.308,91.066
1106.6858699999998,218.24,87.194
1327.67473,574.7589999999999,55.344
1176.7697,459.135,79.55299999999998
1458.9854999999998,642.753,74.266
1480.53577,742.2460000000002,70.28500000000001
1463.70211,580.863,68.36599999999999
1248.2794,646.6359999999999,52.328
1150.3125,302.8550000000001,61.004
1458.4692200000002,164.778,68.711
1489.54663,331.48600000000005,36.63399999999999
1490.0275800000002,521.616,63.037
1492.9361199999998,616.9339999999999,78.487
1463.11905,297.716,91.525
1234.9312900000002,293.482,110.633
1119.08821,224.28000000000003,123.71500000000002
1438.0236800000002,251.44100000000003,118.554
1464.3259900000005,260.01500000000004,106.55600000000004
1460.71347,64.256,98.5
1466.9420799999998,160.674,95.178
1469.6714500000005,351.583,62.919
1246.5798599999998,285.421,44.626
1164.39959,424.7669999999999,46.08
1483.51188,258.992,30.343
1508.51484,290.4,41.47899999999999
1506.14869,454.959,52.361
1493.6810200000002,327.71000000000004,54.839
1480.50323,528.1909999999999,52.37099999999999
1284.26158,819.8180000000001,26.799
1176.9182300000002,720.079,52.222
1345.87389,407.0519999999999,69.881
1204.08577,256.96,56.767
1309.1847799999998,420.4460000000001,37.04600000000001
1474.19484,336.74499999999995,51.50400000000001
1471.18241,115.927,50.761
1284.77485,309.38100000000003,57.35800000000001
1193.85495,259.37100000000004,25.261000000000003
1505.6717299999996,98.42,40.29800000000001
1545.63945,148.785,27.302000000000007
1547.48171,62.667,18.332
1557.63091,210.488,15.289
1560.41732,627.814,12.786
1346.4391599999997,530.919,18.164
1241.51495,235.422,15.732
1538.83561,205.072,36.997
1577.45348,294.48299999999995,38.772000000000006
1562.0336700000005,98.029,25.802
1574.73479,179.491,18.145000000000003
1552.2178,204.464,32.919
1369.91888,606.663,18.88
1268.00462,721.2379999999999,28.651000000000003
1565.5680500000003,380.2840000000001,14.922
1576.49592,318.59100000000007,11.239999999999998
1558.72998,588.2339999999999,46.147
1581.7877,730.7280000000001,42.047
1528.12694,313.086,30.441
1333.1558499999994,238.67,13.552
1276.0981800000002,599.3300000000002,22.58600000000001
1602.1779699999995,743.28,21.983
1615.3806100000004,514.931,19.658
1603.9843499999995,99.65299999999998,24.155
1617.0330899999997,66.389,14.314
1592.96187,52.32299999999999,19.266
1391.85405,126.27400000000002,16.459000000000003
1330.26226,387.4899999999999,12.411
1620.9775800000002,479.798,10.747
1643.72307,611.488,10.953
1639.0826499999998,632.5010000000001,7.617999999999999
1628.4797899999996,743.7249999999999,42.994
1618.0565800000004,652.8299999999999,20.504
1415.34531,712.3170000000001,12.344
1318.10964,622.944,9.922
1614.1586200000002,415.109,5.669
1647.36346,590.101,13.250000000000002
1651.90418,721.5400000000001,36.88
1636.54375,666.4379999999999,21.03
1576.93197,176.41800000000003,21.653
1382.87708,277.391,15.903999999999998
1297.2191599999996,250.726,12.619999999999996
1578.6907899999997,134.84300000000002,15.897
1586.4823,99.098,8.793000000000001
1559.68569,90.88,8.799
1520.3720600000004,259.039,7.313
1423.23782,228.77299999999997,10.065
1272.17085,748.0739999999998,8.450000000000001
1141.7572999999998,812.422,9.949
1111.28338,587.8100000000001,15.765
1130.1168300000002,717.453,30.923
1263.9409099999996,394.507,16.53
1299.86398,506.424,14.162
1295.08753,584.277,29.854000000000003
1215.44897,721.2470000000001,7.467
1107.11488,721.1760000000002,19.98
