Open,High,Low,Close,Adj Close,Volume
17.709999084472656,17.709999084472656,17.709999084472656,17.709999084472656,17.709999084472656,0
17.979999542236328,18.06999969482422,17.979999542236328,18.06999969482422,18.06999969482422,1800
18.040000915527344,18.040000915527344,18.040000915527344,18.040000915527344,18.040000915527344,100
18.030000686645508,18.030000686645508,18.030000686645508,18.030000686645508,18.030000686645508,400
18.030000686645508,18.030000686645508,18.030000686645508,18.030000686645508,18.030000686645508,0
18.200000762939453,18.540000915527344,18.200000762939453,18.540000915527344,18.540000915527344,9900
18.540000915527344,18.540000915527344,18.540000915527344,18.540000915527344,18.540000915527344,0
18.8799991607666,18.8799991607666,18.8799991607666,18.8799991607666,18.8799991607666,200
18.8799991607666,18.8799991607666,18.8799991607666,18.8799991607666,18.8799991607666,0
18.690000534057617,18.690000534057617,18.670000076293945,18.690000534057617,18.690000534057617,1800
18.690000534057617,18.690000534057617,18.690000534057617,18.690000534057617,18.690000534057617,0
18.690000534057617,18.690000534057617,18.690000534057617,18.690000534057617,18.690000534057617,0
18.690000534057617,18.690000534057617,18.690000534057617,18.690000534057617,18.690000534057617,0
18.700000762939453,18.729999542236328,18.700000762939453,18.729999542236328,18.729999542236328,700
18.84000015258789,18.969999313354492,18.84000015258789,18.969999313354492,18.969999313354492,3800
19.219999313354492,19.219999313354492,19.219999313354492,19.219999313354492,19.219999313354492,600
19.219999313354492,19.219999313354492,19.219999313354492,19.219999313354492,19.219999313354492,0
19.350000381469727,19.350000381469727,19.31999969482422,19.31999969482422,19.31999969482422,3200
19.190000534057617,19.190000534057617,19.190000534057617,19.190000534057617,19.190000534057617,600
18.920000076293945,18.920000076293945,18.920000076293945,18.920000076293945,18.920000076293945,100
18.940000534057617,18.940000534057617,18.940000534057617,18.940000534057617,18.940000534057617,300
18.940000534057617,18.940000534057617,18.940000534057617,18.940000534057617,18.940000534057617,0
18.8799991607666,18.8799991607666,18.8799991607666,18.8799991607666,18.8799991607666,200
18.610000610351562,18.610000610351562,18.610000610351562,18.610000610351562,18.610000610351562,400
18.459999084472656,18.479999542236328,18.459999084472656,18.469999313354492,18.469999313354492,700
18.469999313354492,18.469999313354492,18.469999313354492,18.469999313354492,18.469999313354492,0
18.469999313354492,18.469999313354492,18.469999313354492,18.469999313354492,18.469999313354492,0
17.270000457763672,17.270000457763672,17.270000457763672,17.270000457763672,17.270000457763672,700
17.270000457763672,17.270000457763672,17.270000457763672,17.270000457763672,17.270000457763672,0
17.270000457763672,17.270000457763672,17.270000457763672,17.270000457763672,17.270000457763672,0
17.270000457763672,17.270000457763672,17.270000457763672,17.270000457763672,17.270000457763672,0
17.270000457763672,17.270000457763672,17.270000457763672,17.270000457763672,17.270000457763672,0
17.799999237060547,17.799999237060547,17.799999237060547,17.799999237060547,17.799999237060547,800
17.799999237060547,17.799999237060547,17.799999237060547,17.799999237060547,17.799999237060547,0
17.799999237060547,17.799999237060547,17.799999237060547,17.799999237060547,17.799999237060547,0
17.799999237060547,17.799999237060547,17.799999237060547,17.799999237060547,17.799999237060547,0
17.799999237060547,17.799999237060547,17.799999237060547,17.799999237060547,17.799999237060547,0
18.770000457763672,18.860000610351562,18.770000457763672,18.809999465942383,18.809999465942383,1100
18.809999465942383,18.809999465942383,18.809999465942383,18.809999465942383,18.809999465942383,0
18.809999465942383,18.809999465942383,18.809999465942383,18.809999465942383,18.809999465942383,0
18.040000915527344,18.049999237060547,18.040000915527344,18.040000915527344,18.040000915527344,600
18.040000915527344,18.040000915527344,18.040000915527344,18.040000915527344,18.040000915527344,0
18.40999984741211,18.40999984741211,18.40999984741211,18.40999984741211,18.40999984741211,300
18.40999984741211,18.40999984741211,18.40999984741211,18.40999984741211,18.40999984741211,0
18.40999984741211,18.40999984741211,18.40999984741211,18.40999984741211,18.40999984741211,0
18.110000610351562,18.110000610351562,18.030000686645508,18.030000686645508,18.030000686645508,400
18.030000686645508,18.030000686645508,18.030000686645508,18.030000686645508,18.030000686645508,0
18.229999542236328,18.229999542236328,18.229999542236328,18.229999542236328,18.229999542236328,200
18.260000228881836,18.260000228881836,18.25,18.25,18.25,600
18.25,18.25,18.25,18.25,18.25,0
18.209999084472656,18.209999084472656,18.18000030517578,18.18000030517578,18.18000030517578,500
18.190000534057617,18.540000915527344,18.190000534057617,18.540000915527344,18.540000915527344,500
18.239999771118164,18.239999771118164,18.239999771118164,18.239999771118164,18.239999771118164,200
18.239999771118164,18.239999771118164,18.239999771118164,18.239999771118164,18.239999771118164,0
19.0,19.059999465942383,19.0,19.059999465942383,19.059999465942383,10000
19.059999465942383,19.059999465942383,19.059999465942383,19.059999465942383,19.059999465942383,0
19.549999237060547,19.549999237060547,19.530000686645508,19.530000686645508,19.530000686645508,1000
19.489999771118164,19.489999771118164,19.469999313354492,19.469999313354492,19.469999313354492,800
19.43000030517578,19.43000030517578,19.43000030517578,19.43000030517578,19.43000030517578,300
19.43000030517578,19.43000030517578,19.43000030517578,19.43000030517578,19.43000030517578,0
19.43000030517578,19.43000030517578,19.43000030517578,19.43000030517578,19.43000030517578,0
18.75,18.75,18.75,18.75,18.75,100
18.75,18.75,18.75,18.75,18.75,0
18.8700008392334,18.8799991607666,18.860000610351562,18.8700008392334,18.8700008392334,18200
18.93000030517578,18.940000534057617,18.920000076293945,18.920000076293945,18.920000076293945,3500
18.920000076293945,18.920000076293945,18.540000915527344,18.540000915527344,18.540000915527344,68700
18.540000915527344,18.540000915527344,18.540000915527344,18.540000915527344,18.540000915527344,0
18.540000915527344,18.540000915527344,18.540000915527344,18.540000915527344,18.540000915527344,0
19.6299991607666,19.950000762939453,19.6200008392334,19.899999618530273,19.899999618530273,1100
19.690000534057617,19.690000534057617,19.690000534057617,19.690000534057617,19.690000534057617,200
19.690000534057617,19.690000534057617,19.690000534057617,19.690000534057617,19.690000534057617,0
19.690000534057617,19.690000534057617,19.690000534057617,19.690000534057617,19.690000534057617,0
19.790000915527344,19.790000915527344,19.790000915527344,19.790000915527344,19.790000915527344,100
20.190000534057617,20.479999542236328,20.139999389648438,20.450000762939453,20.450000762939453,44300
20.290000915527344,20.290000915527344,20.290000915527344,20.290000915527344,20.290000915527344,200
20.290000915527344,20.290000915527344,20.290000915527344,20.290000915527344,20.290000915527344,0
20.040000915527344,20.479999542236328,20.040000915527344,20.479999542236328,20.479999542236328,600
20.440000534057617,20.469999313354492,20.309999465942383,20.420000076293945,20.420000076293945,2900
20.360000610351562,20.360000610351562,20.360000610351562,20.360000610351562,20.360000610351562,400
20.520000457763672,20.520000457763672,20.360000610351562,20.360000610351562,20.360000610351562,300
20.360000610351562,20.360000610351562,20.360000610351562,20.360000610351562,20.360000610351562,0
20.389999389648438,20.770000457763672,20.389999389648438,20.75,20.75,1100
20.200000762939453,20.200000762939453,20.1299991607666,20.1299991607666,20.1299991607666,400
20.170000076293945,20.3799991607666,20.170000076293945,20.309999465942383,20.309999465942383,16100
20.290000915527344,20.290000915527344,20.290000915527344,20.290000915527344,20.290000915527344,300
20.290000915527344,20.290000915527344,20.290000915527344,20.290000915527344,20.290000915527344,0
21.040000915527344,21.149999618530273,20.969999313354492,20.969999313354492,20.969999313354492,600
20.59000015258789,20.59000015258789,20.59000015258789,20.59000015258789,20.59000015258789,100
20.049999237060547,21.399999618530273,20.049999237060547,21.350000381469727,21.350000381469727,6300
21.350000381469727,21.350000381469727,21.350000381469727,21.350000381469727,21.350000381469727,0
21.420000076293945,21.420000076293945,21.350000381469727,21.350000381469727,21.350000381469727,600
21.290000915527344,21.40999984741211,21.290000915527344,21.399999618530273,21.399999618530273,1100
21.399999618530273,21.399999618530273,21.399999618530273,21.399999618530273,21.399999618530273,0
21.440000534057617,21.440000534057617,21.440000534057617,21.440000534057617,21.440000534057617,200
21.469999313354492,21.479999542236328,21.469999313354492,21.479999542236328,21.479999542236328,700
21.479999542236328,21.479999542236328,21.479999542236328,21.479999542236328,21.479999542236328,0
21.59000015258789,21.829999923706055,21.59000015258789,21.829999923706055,21.829999923706055,1300
21.8799991607666,21.8799991607666,21.8799991607666,21.8799991607666,21.8799991607666,500
21.8799991607666,21.8799991607666,21.8799991607666,21.8799991607666,21.8799991607666,100
21.420000076293945,21.420000076293945,21.420000076293945,21.420000076293945,21.420000076293945,200
20.649999618530273,20.649999618530273,20.649999618530273,20.649999618530273,20.649999618530273,400
20.25,20.25,20.25,20.25,20.25,600
20.639999389648438,20.639999389648438,20.639999389648438,20.639999389648438,20.639999389648438,300
20.639999389648438,20.639999389648438,20.639999389648438,20.639999389648438,20.639999389648438,0
20.639999389648438,20.639999389648438,20.639999389648438,20.639999389648438,20.639999389648438,0
20.639999389648438,20.639999389648438,20.639999389648438,20.639999389648438,20.639999389648438,0
19.59000015258789,19.700000762939453,19.59000015258789,19.700000762939453,19.700000762939453,300
18.540000915527344,18.540000915527344,18.540000915527344,18.540000915527344,18.540000915527344,1200
19.780000686645508,20.030000686645508,19.780000686645508,19.989999771118164,19.989999771118164,4300
19.989999771118164,19.989999771118164,19.989999771118164,19.989999771118164,19.989999771118164,0
19.989999771118164,20.020000457763672,19.989999771118164,20.020000457763672,20.020000457763672,600
20.020000457763672,20.020000457763672,20.020000457763672,20.020000457763672,20.020000457763672,0
20.020000457763672,20.020000457763672,20.020000457763672,20.020000457763672,20.020000457763672,0
20.020000457763672,20.020000457763672,20.020000457763672,20.020000457763672,20.020000457763672,0
19.989999771118164,19.989999771118164,19.559999465942383,19.559999465942383,19.559999465942383,1000
19.829999923706055,19.829999923706055,19.829999923706055,19.829999923706055,19.829999923706055,100
19.6299991607666,19.6299991607666,19.6299991607666,19.6299991607666,19.6299991607666,500
19.75,19.770000457763672,19.75,19.770000457763672,19.770000457763672,600
19.770000457763672,19.770000457763672,19.770000457763672,19.770000457763672,19.770000457763672,0
19.770000457763672,19.770000457763672,19.770000457763672,19.770000457763672,19.770000457763672,0
20.200000762939453,20.200000762939453,20.200000762939453,20.200000762939453,20.200000762939453,100
20.290000915527344,20.639999389648438,20.290000915527344,20.6200008392334,20.6200008392334,3900
20.6200008392334,20.6200008392334,20.6200008392334,20.6200008392334,20.6200008392334,0
20.6200008392334,20.6200008392334,20.6200008392334,20.6200008392334,20.6200008392334,100
21.420000076293945,21.6200008392334,21.420000076293945,21.6200008392334,21.6200008392334,800
20.969999313354492,20.969999313354492,20.969999313354492,20.969999313354492,20.969999313354492,600
20.969999313354492,20.969999313354492,20.969999313354492,20.969999313354492,20.969999313354492,0
21.049999237060547,21.100000381469727,20.920000076293945,20.920000076293945,20.920000076293945,1800
20.84000015258789,20.959999084472656,20.84000015258789,20.959999084472656,20.959999084472656,1900
21.229999542236328,21.399999618530273,21.229999542236328,21.399999618530273,21.399999618530273,900
21.399999618530273,21.399999618530273,21.399999618530273,21.399999618530273,21.399999618530273,0
21.399999618530273,21.399999618530273,21.399999618530273,21.399999618530273,21.399999618530273,0
20.479999542236328,20.479999542236328,20.479999542236328,20.479999542236328,20.479999542236328,400
20.479999542236328,20.479999542236328,20.479999542236328,20.479999542236328,20.479999542236328,0
20.479999542236328,20.479999542236328,20.479999542236328,20.479999542236328,20.479999542236328,0
20.06999969482422,20.06999969482422,20.059999465942383,20.059999465942383,20.059999465942383,2600
20.09000015258789,20.299999237060547,20.09000015258789,20.299999237060547,20.299999237060547,200
20.350000381469727,20.350000381469727,20.260000228881836,20.260000228881836,20.260000228881836,500
20.40999984741211,20.40999984741211,20.3700008392334,20.3700008392334,20.3700008392334,300
20.6200008392334,20.6200008392334,20.43000030517578,20.479999542236328,20.479999542236328,1200
20.489999771118164,20.489999771118164,20.489999771118164,20.489999771118164,20.489999771118164,300
20.489999771118164,20.489999771118164,20.489999771118164,20.489999771118164,20.489999771118164,0
20.959999084472656,20.959999084472656,20.959999084472656,20.959999084472656,20.959999084472656,1000
20.959999084472656,20.959999084472656,20.959999084472656,20.959999084472656,20.959999084472656,0
21.190000534057617,21.190000534057617,21.110000610351562,21.110000610351562,21.110000610351562,700
21.110000610351562,21.110000610351562,21.110000610351562,21.110000610351562,21.110000610351562,0
21.110000610351562,21.110000610351562,21.110000610351562,21.110000610351562,21.110000610351562,0
20.729999542236328,20.729999542236328,20.729999542236328,20.729999542236328,20.729999542236328,200
20.729999542236328,20.729999542236328,20.729999542236328,20.729999542236328,20.729999542236328,0
20.729999542236328,20.729999542236328,20.729999542236328,20.729999542236328,20.729999542236328,0
20.979999542236328,20.979999542236328,20.969999313354492,20.969999313354492,20.969999313354492,1000
20.969999313354492,20.969999313354492,20.969999313354492,20.969999313354492,20.969999313354492,100
20.450000762939453,20.450000762939453,20.450000762939453,20.450000762939453,20.450000762939453,800
20.450000762939453,20.450000762939453,20.450000762939453,20.450000762939453,20.450000762939453,100
20.420000076293945,20.420000076293945,20.420000076293945,20.420000076293945,20.420000076293945,500
20.420000076293945,20.420000076293945,20.420000076293945,20.420000076293945,20.420000076293945,0
20.420000076293945,20.420000076293945,20.420000076293945,20.420000076293945,20.420000076293945,0
20.420000076293945,20.420000076293945,20.420000076293945,20.420000076293945,20.420000076293945,0
20.420000076293945,20.420000076293945,20.420000076293945,20.420000076293945,20.420000076293945,0
20.079999923706055,20.079999923706055,20.079999923706055,20.079999923706055,20.079999923706055,400
20.079999923706055,20.079999923706055,20.079999923706055,20.079999923706055,20.079999923706055,0
20.079999923706055,20.079999923706055,20.079999923706055,20.079999923706055,20.079999923706055,0
20.079999923706055,20.079999923706055,20.079999923706055,20.079999923706055,20.079999923706055,0
21.219999313354492,21.280000686645508,21.020000457763672,21.020000457763672,21.020000457763672,300
21.020000457763672,21.020000457763672,21.020000457763672,21.020000457763672,21.020000457763672,0
21.020000457763672,21.020000457763672,21.020000457763672,21.020000457763672,21.020000457763672,0
21.420000076293945,21.420000076293945,21.3799991607666,21.40999984741211,21.40999984741211,2100
21.479999542236328,21.479999542236328,21.479999542236328,21.479999542236328,21.479999542236328,100
21.479999542236328,21.479999542236328,21.479999542236328,21.479999542236328,21.479999542236328,0
21.639999389648438,21.639999389648438,21.639999389648438,21.639999389648438,21.639999389648438,200
21.639999389648438,21.639999389648438,21.639999389648438,21.639999389648438,21.639999389648438,0
21.639999389648438,21.639999389648438,21.639999389648438,21.639999389648438,21.639999389648438,0
21.639999389648438,21.639999389648438,21.639999389648438,21.639999389648438,21.639999389648438,0
21.639999389648438,21.639999389648438,21.639999389648438,21.639999389648438,21.639999389648438,0
21.639999389648438,21.639999389648438,21.639999389648438,21.639999389648438,21.639999389648438,0
21.6299991607666,21.6299991607666,21.6299991607666,21.6299991607666,21.6299991607666,200
21.6299991607666,21.6299991607666,21.6299991607666,21.6299991607666,21.6299991607666,0
21.56999969482422,21.56999969482422,21.56999969482422,21.56999969482422,21.56999969482422,100
21.56999969482422,21.56999969482422,21.56999969482422,21.56999969482422,21.56999969482422,0
21.6299991607666,21.68000030517578,21.530000686645508,21.530000686645508,21.530000686645508,500
21.56999969482422,21.56999969482422,21.56999969482422,21.56999969482422,21.56999969482422,100
21.940000534057617,21.940000534057617,21.860000610351562,21.860000610351562,21.860000610351562,3200
22.0,22.0,22.0,22.0,22.0,500
22.299999237060547,22.299999237060547,22.299999237060547,22.299999237060547,22.299999237060547,200
22.360000610351562,22.360000610351562,22.360000610351562,22.360000610351562,22.360000610351562,400
22.309999465942383,22.309999465942383,22.299999237060547,22.299999237060547,22.299999237060547,1000
22.299999237060547,22.299999237060547,22.299999237060547,22.299999237060547,22.299999237060547,0
22.299999237060547,22.299999237060547,22.299999237060547,22.299999237060547,22.299999237060547,0
23.079999923706055,23.079999923706055,23.079999923706055,23.079999923706055,23.079999923706055,300
23.079999923706055,23.079999923706055,23.079999923706055,23.079999923706055,23.079999923706055,8000
23.25,23.25,23.219999313354492,23.219999313354492,23.219999313354492,1800
23.219999313354492,23.219999313354492,23.219999313354492,23.219999313354492,23.219999313354492,0
23.25,23.25,23.25,23.25,23.25,100
23.0,23.040000915527344,22.93000030517578,23.040000915527344,23.040000915527344,4600
23.040000915527344,23.040000915527344,23.040000915527344,23.040000915527344,23.040000915527344,0
23.040000915527344,23.040000915527344,23.040000915527344,23.040000915527344,23.040000915527344,0
22.290000915527344,22.290000915527344,22.139999389648438,22.139999389648438,22.139999389648438,600
22.139999389648438,22.139999389648438,22.139999389648438,22.139999389648438,22.139999389648438,0
22.139999389648438,22.139999389648438,22.139999389648438,22.139999389648438,22.139999389648438,0
22.139999389648438,22.139999389648438,22.139999389648438,22.139999389648438,22.139999389648438,0
22.100000381469727,22.100000381469727,22.100000381469727,22.100000381469727,22.100000381469727,100
22.100000381469727,22.100000381469727,22.100000381469727,22.100000381469727,22.100000381469727,0
21.81999969482422,21.81999969482422,21.81999969482422,21.81999969482422,21.81999969482422,700
21.81999969482422,21.81999969482422,21.81999969482422,21.81999969482422,21.81999969482422,0
21.81999969482422,21.81999969482422,21.81999969482422,21.81999969482422,21.81999969482422,0
21.81999969482422,21.81999969482422,21.81999969482422,21.81999969482422,21.81999969482422,0
21.06999969482422,21.06999969482422,21.06999969482422,21.06999969482422,21.06999969482422,700
21.139999389648438,21.229999542236328,21.139999389648438,21.229999542236328,21.229999542236328,600
21.229999542236328,21.229999542236328,21.229999542236328,21.229999542236328,21.229999542236328,100
20.920000076293945,20.920000076293945,20.920000076293945,20.920000076293945,20.920000076293945,100
20.920000076293945,20.920000076293945,20.920000076293945,20.920000076293945,20.920000076293945,100
19.8700008392334,19.8700008392334,19.8700008392334,19.8700008392334,19.8700008392334,200
19.8700008392334,19.8700008392334,19.8700008392334,19.8700008392334,19.8700008392334,200
19.8700008392334,19.8700008392334,19.8700008392334,19.8700008392334,19.8700008392334,100
19.8700008392334,19.8700008392334,19.8700008392334,19.8700008392334,19.8700008392334,0
19.8700008392334,19.8700008392334,19.8700008392334,19.8700008392334,19.8700008392334,100
19.139999389648438,19.139999389648438,19.139999389648438,19.139999389648438,19.139999389648438,400
19.139999389648438,19.139999389648438,19.139999389648438,19.139999389648438,19.139999389648438,0
19.139999389648438,19.139999389648438,19.139999389648438,19.139999389648438,19.139999389648438,300
19.139999389648438,19.139999389648438,19.139999389648438,19.139999389648438,19.139999389648438,0
17.889999389648438,17.889999389648438,17.889999389648438,17.889999389648438,17.889999389648438,500
17.739999771118164,17.739999771118164,17.739999771118164,17.739999771118164,17.739999771118164,500
18.0,18.0,18.0,18.0,18.0,200
18.0,18.0,18.0,18.0,18.0,400
17.020000457763672,17.020000457763672,16.719999313354492,16.719999313354492,16.719999313354492,1700
17.040000915527344,17.040000915527344,16.979999542236328,16.979999542236328,16.979999542236328,500
16.0,16.0,15.979999542236328,15.979999542236328,15.979999542236328,400
15.979999542236328,15.979999542236328,15.979999542236328,15.979999542236328,15.979999542236328,100
16.0,16.170000076293945,15.90999984741211,16.170000076293945,16.170000076293945,1600
16.0,16.280000686645508,15.979999542236328,16.280000686645508,16.280000686645508,500
16.309999465942383,16.309999465942383,16.1299991607666,16.1299991607666,16.1299991607666,500
15.760000228881836,15.760000228881836,15.760000228881836,15.760000228881836,15.760000228881836,100
16.520000457763672,16.520000457763672,16.520000457763672,16.520000457763672,16.520000457763672,300
16.719999313354492,16.719999313354492,16.649999618530273,16.649999618530273,16.649999618530273,300
15.949999809265137,15.949999809265137,15.949999809265137,15.949999809265137,15.949999809265137,200
16.90999984741211,16.93000030517578,16.520000457763672,16.520000457763672,16.520000457763672,7800
16.239999771118164,16.239999771118164,15.989999771118164,15.989999771118164,15.989999771118164,200
16.399999618530273,16.399999618530273,16.15999984741211,16.200000762939453,16.200000762939453,800
16.270000457763672,16.389999389648438,16.09000015258789,16.09000015258789,16.09000015258789,1500
16.15999984741211,16.639999389648438,16.15999984741211,16.639999389648438,16.639999389648438,500
16.549999237060547,16.549999237060547,16.100000381469727,16.1299991607666,16.1299991607666,2500
15.960000038146973,15.960000038146973,15.579999923706055,15.579999923706055,15.579999923706055,1100
14.710000038146973,14.710000038146973,14.710000038146973,14.710000038146973,14.710000038146973,200
14.979999542236328,14.979999542236328,14.979999542236328,14.979999542236328,14.979999542236328,100
14.770000457763672,14.770000457763672,14.550000190734863,14.569999694824219,14.569999694824219,1500
14.479999542236328,14.479999542236328,14.270000457763672,14.270000457763672,14.270000457763672,1200
13.970000267028809,13.970000267028809,13.930000305175781,13.930000305175781,13.930000305175781,100
13.880000114440918,14.779999732971191,13.880000114440918,14.779999732971191,14.779999732971191,500
14.350000381469727,14.350000381469727,14.350000381469727,14.350000381469727,14.350000381469727,100
14.119999885559082,14.260000228881836,14.119999885559082,14.260000228881836,14.260000228881836,1200
14.350000381469727,14.479999542236328,14.260000228881836,14.479999542236328,14.479999542236328,1400
14.739999771118164,14.760000228881836,14.739999771118164,14.760000228881836,14.760000228881836,200
14.670000076293945,14.899999618530273,14.579999923706055,14.899999618530273,14.899999618530273,900
14.899999618530273,14.899999618530273,14.899999618530273,14.899999618530273,14.899999618530273,0
15.390000343322754,15.390000343322754,15.390000343322754,15.390000343322754,15.390000343322754,700
15.5600004196167,15.739999771118164,15.5600004196167,15.739999771118164,15.739999771118164,400
16.139999389648438,16.510000228881836,16.100000381469727,16.510000228881836,16.510000228881836,300
16.5,16.6299991607666,16.5,16.6299991607666,16.6299991607666,300
16.329999923706055,16.329999923706055,16.329999923706055,16.329999923706055,16.329999923706055,100
16.280000686645508,16.280000686645508,15.989999771118164,15.989999771118164,15.989999771118164,700
16.399999618530273,16.40999984741211,16.350000381469727,16.40999984741211,16.40999984741211,1400
16.459999084472656,16.530000686645508,16.40999984741211,16.530000686645508,16.530000686645508,200
16.290000915527344,16.479999542236328,16.290000915527344,16.479999542236328,16.479999542236328,100
16.90999984741211,16.90999984741211,16.8700008392334,16.8700008392334,16.8700008392334,100
16.389999389648438,16.59000015258789,16.389999389648438,16.59000015258789,16.59000015258789,100
16.56999969482422,16.56999969482422,16.510000228881836,16.510000228881836,16.510000228881836,100
16.510000228881836,16.510000228881836,16.510000228881836,16.510000228881836,16.510000228881836,0
16.729999542236328,16.729999542236328,16.729999542236328,16.729999542236328,16.729999542236328,0
16.299999237060547,16.299999237060547,16.299999237060547,16.299999237060547,16.299999237060547,100
16.579999923706055,16.770000457763672,16.579999923706055,16.6299991607666,16.6299991607666,200
16.889999389648438,16.889999389648438,16.889999389648438,16.889999389648438,16.889999389648438,0
17.190000534057617,17.190000534057617,16.850000381469727,16.850000381469727,16.850000381469727,200
17.299999237060547,17.299999237060547,17.299999237060547,17.299999237060547,17.299999237060547,100
16.950000762939453,17.200000762939453,16.950000762939453,17.170000076293945,17.170000076293945,300
16.899999618530273,16.899999618530273,16.889999389648438,16.889999389648438,16.889999389648438,200
16.829999923706055,16.979999542236328,16.829999923706055,16.979999542236328,16.979999542236328,100
16.780000686645508,16.780000686645508,16.56999969482422,16.56999969482422,16.56999969482422,100
16.600000381469727,16.600000381469727,16.600000381469727,16.600000381469727,16.600000381469727,0
16.510000228881836,16.510000228881836,16.510000228881836,16.510000228881836,16.510000228881836,100
16.770000457763672,16.770000457763672,16.770000457763672,16.770000457763672,16.770000457763672,0
16.940000534057617,17.040000915527344,16.940000534057617,17.040000915527344,17.040000915527344,1000
16.959999084472656,17.209999084472656,16.959999084472656,17.209999084472656,17.209999084472656,100
17.600000381469727,17.600000381469727,17.600000381469727,17.600000381469727,17.600000381469727,100
17.649999618530273,17.65999984741211,17.649999618530273,17.65999984741211,17.65999984741211,200
17.709999084472656,17.850000381469727,17.709999084472656,17.850000381469727,17.850000381469727,300
17.770000457763672,17.770000457763672,17.770000457763672,17.770000457763672,17.770000457763672,100
17.959999084472656,17.959999084472656,17.860000610351562,17.860000610351562,17.860000610351562,600
17.860000610351562,17.860000610351562,17.860000610351562,17.860000610351562,17.860000610351562,0
17.389999389648438,17.420000076293945,17.389999389648438,17.420000076293945,17.420000076293945,200
17.65999984741211,17.799999237060547,17.65999984741211,17.799999237060547,17.799999237060547,500
17.829999923706055,17.829999923706055,17.829999923706055,17.829999923706055,17.829999923706055,100
17.799999237060547,17.799999237060547,17.40999984741211,17.40999984741211,17.40999984741211,800
17.6200008392334,17.6200008392334,17.6200008392334,17.6200008392334,17.6200008392334,0
17.68000030517578,17.68000030517578,17.670000076293945,17.670000076293945,17.670000076293945,100
17.360000610351562,17.549999237060547,17.360000610351562,17.549999237060547,17.549999237060547,2100
17.600000381469727,17.639999389648438,17.600000381469727,17.6200008392334,17.6200008392334,300
17.09000015258789,17.479999542236328,17.09000015258789,17.479999542236328,17.479999542236328,300
17.579999923706055,17.670000076293945,17.579999923706055,17.670000076293945,17.670000076293945,300
17.799999237060547,17.799999237060547,17.719999313354492,17.719999313354492,17.719999313354492,100
17.90999984741211,18.110000610351562,17.899999618530273,18.110000610351562,18.110000610351562,9000
18.09000015258789,18.09000015258789,18.09000015258789,18.09000015258789,18.09000015258789,100
18.09000015258789,18.09000015258789,18.09000015258789,18.09000015258789,18.09000015258789,0
18.209999084472656,18.209999084472656,18.209999084472656,18.209999084472656,18.209999084472656,0
18.200000762939453,18.200000762939453,18.15999984741211,18.15999984741211,18.15999984741211,1200
18.15999984741211,18.15999984741211,18.15999984741211,18.15999984741211,18.15999984741211,0
18.40999984741211,18.40999984741211,18.31999969482422,18.31999969482422,18.31999969482422,100
17.940000534057617,18.040000915527344,17.940000534057617,18.040000915527344,18.040000915527344,100
17.93000030517578,18.079999923706055,17.93000030517578,18.079999923706055,18.079999923706055,200
18.360000610351562,18.3799991607666,18.280000686645508,18.280000686645508,18.280000686645508,4100
18.170000076293945,18.170000076293945,18.1299991607666,18.1299991607666,18.1299991607666,100
18.0,18.1299991607666,18.0,18.1299991607666,18.1299991607666,100
18.360000610351562,18.360000610351562,18.209999084472656,18.309999465942383,18.309999465942383,200
18.5,18.700000762939453,18.5,18.700000762939453,18.700000762939453,100
18.799999237060547,18.93000030517578,18.799999237060547,18.93000030517578,18.93000030517578,200
18.8700008392334,18.920000076293945,18.8700008392334,18.920000076293945,18.920000076293945,100
18.850000381469727,18.979999542236328,18.760000228881836,18.84000015258789,18.84000015258789,1500
18.979999542236328,19.110000610351562,18.979999542236328,19.110000610351562,19.110000610351562,100
19.190000534057617,19.299999237060547,19.190000534057617,19.299999237060547,19.299999237060547,22200
19.200000762939453,19.229999542236328,19.200000762939453,19.229999542236328,19.229999542236328,1700
19.459999084472656,19.459999084472656,19.459999084472656,19.459999084472656,19.459999084472656,100
19.139999389648438,19.270000457763672,19.139999389648438,19.270000457763672,19.270000457763672,1700
19.270000457763672,19.270000457763672,19.270000457763672,19.270000457763672,19.270000457763672,0
19.1299991607666,19.25,19.1200008392334,19.25,19.25,20900
19.1200008392334,19.420000076293945,19.1200008392334,19.420000076293945,19.420000076293945,300
19.329999923706055,19.329999923706055,19.329999923706055,19.329999923706055,19.329999923706055,100
19.290000915527344,19.350000381469727,19.290000915527344,19.350000381469727,19.350000381469727,100
19.75,19.75,19.739999771118164,19.739999771118164,19.739999771118164,300
19.889999389648438,19.920000076293945,19.829999923706055,19.920000076293945,19.920000076293945,900
19.93000030517578,19.93000030517578,19.799999237060547,19.81999969482422,19.81999969482422,7300
19.65999984741211,19.65999984741211,19.65999984741211,19.65999984741211,19.65999984741211,100
19.65999984741211,19.65999984741211,19.65999984741211,19.65999984741211,19.65999984741211,0
19.239999771118164,19.239999771118164,19.239999771118164,19.239999771118164,19.239999771118164,100
19.34000015258789,19.34000015258789,19.31999969482422,19.31999969482422,19.31999969482422,200
19.31999969482422,19.31999969482422,19.31999969482422,19.31999969482422,19.31999969482422,0
19.31999969482422,19.31999969482422,19.31999969482422,19.31999969482422,19.31999969482422,0
18.829999923706055,18.829999923706055,18.760000228881836,18.760000228881836,18.760000228881836,100
18.690000534057617,19.049999237060547,18.690000534057617,19.049999237060547,19.049999237060547,100
19.049999237060547,19.049999237060547,19.049999237060547,19.049999237060547,19.049999237060547,0
19.049999237060547,19.049999237060547,19.049999237060547,19.049999237060547,19.049999237060547,0
19.049999237060547,19.049999237060547,19.049999237060547,19.049999237060547,19.049999237060547,0
18.799999237060547,18.799999237060547,18.709999084472656,18.709999084472656,18.709999084472656,100
18.510000228881836,18.510000228881836,18.510000228881836,18.510000228881836,18.510000228881836,100
18.81999969482422,18.81999969482422,18.809999465942383,18.809999465942383,18.809999465942383,100
19.020000457763672,19.020000457763672,19.020000457763672,19.020000457763672,19.020000457763672,100
19.170000076293945,19.200000762939453,19.170000076293945,19.200000762939453,19.200000762939453,100
19.200000762939453,19.200000762939453,19.200000762939453,19.200000762939453,19.200000762939453,0
19.200000762939453,19.200000762939453,19.200000762939453,19.200000762939453,19.200000762939453,0
19.15999984741211,19.15999984741211,19.15999984741211,19.15999984741211,19.15999984741211,100
19.15999984741211,19.15999984741211,19.15999984741211,19.15999984741211,19.15999984741211,0
18.049999237060547,18.049999237060547,17.5,17.639999389648438,17.639999389648438,200
17.639999389648438,17.639999389648438,17.639999389648438,17.639999389648438,17.639999389648438,0
17.989999771118164,17.989999771118164,17.989999771118164,17.989999771118164,17.989999771118164,100
17.989999771118164,17.989999771118164,17.989999771118164,17.989999771118164,17.989999771118164,0
17.540000915527344,17.540000915527344,17.25,17.25,17.25,200
16.850000381469727,16.850000381469727,16.25,16.25,16.25,400
16.459999084472656,16.5,16.110000610351562,16.110000610351562,16.110000610351562,1500
16.110000610351562,16.110000610351562,16.110000610351562,16.110000610351562,16.110000610351562,0
15.770000457763672,15.850000381469727,15.770000457763672,15.779999732971191,15.779999732971191,800
15.680000305175781,16.219999313354492,15.680000305175781,16.219999313354492,16.219999313354492,1200
16.5,16.5,16.5,16.5,16.5,100
16.5,16.5,16.5,16.5,16.5,0
16.5,16.5,16.5,16.5,16.5,0
15.6899995803833,15.6899995803833,15.6899995803833,15.6899995803833,15.6899995803833,100
15.6899995803833,15.6899995803833,15.6899995803833,15.6899995803833,15.6899995803833,0
16.1200008392334,16.1200008392334,16.1200008392334,16.1200008392334,16.1200008392334,100
16.1200008392334,16.1200008392334,16.1200008392334,16.1200008392334,16.1200008392334,0
16.1200008392334,16.1200008392334,16.1200008392334,16.1200008392334,16.1200008392334,0
16.56999969482422,16.56999969482422,16.56999969482422,16.56999969482422,16.56999969482422,100
17.270000457763672,17.31999969482422,17.260000228881836,17.31999969482422,17.31999969482422,500
17.40999984741211,17.469999313354492,17.40999984741211,17.469999313354492,17.469999313354492,300
17.40999984741211,17.510000228881836,17.280000686645508,17.510000228881836,17.510000228881836,300
17.469999313354492,17.540000915527344,17.469999313354492,17.540000915527344,17.540000915527344,200
17.920000076293945,18.06999969482422,17.920000076293945,17.940000534057617,17.940000534057617,200
17.940000534057617,17.940000534057617,17.940000534057617,17.940000534057617,17.940000534057617,0
17.979999542236328,17.979999542236328,17.559999465942383,17.559999465942383,17.559999465942383,100
17.920000076293945,17.920000076293945,17.920000076293945,17.920000076293945,17.920000076293945,100
17.1299991607666,17.1299991607666,17.1299991607666,17.1299991607666,17.1299991607666,100
17.270000457763672,17.270000457763672,17.270000457763672,17.270000457763672,17.270000457763672,100
17.34000015258789,17.520000457763672,17.34000015258789,17.520000457763672,17.520000457763672,200
17.479999542236328,17.479999542236328,17.479999542236328,17.479999542236328,17.479999542236328,100
17.549999237060547,17.639999389648438,17.549999237060547,17.639999389648438,17.639999389648438,200
17.639999389648438,17.639999389648438,17.639999389648438,17.639999389648438,17.639999389648438,0
17.639999389648438,17.639999389648438,17.639999389648438,17.639999389648438,17.639999389648438,0
17.639999389648438,17.639999389648438,17.639999389648438,17.639999389648438,17.639999389648438,0
18.100000381469727,18.100000381469727,18.0,18.0,18.0,700
17.670000076293945,17.670000076293945,17.670000076293945,17.670000076293945,17.670000076293945,100
17.329999923706055,17.329999923706055,17.329999923706055,17.329999923706055,17.329999923706055,100
16.860000610351562,17.020000457763672,16.860000610351562,17.020000457763672,17.020000457763672,400
16.989999771118164,17.200000762939453,16.989999771118164,17.200000762939453,17.200000762939453,100
17.229999542236328,17.229999542236328,17.229999542236328,17.229999542236328,17.229999542236328,100
17.40999984741211,17.40999984741211,17.40999984741211,17.40999984741211,17.40999984741211,100
17.389999389648438,17.389999389648438,17.09000015258789,17.09000015258789,17.09000015258789,400
17.09000015258789,17.09000015258789,17.09000015258789,17.09000015258789,17.09000015258789,0
17.219999313354492,17.219999313354492,17.219999313354492,17.219999313354492,17.219999313354492,100
17.40999984741211,17.40999984741211,17.40999984741211,17.40999984741211,17.40999984741211,300
17.440000534057617,17.760000228881836,17.440000534057617,17.760000228881836,17.760000228881836,400
17.809999465942383,17.809999465942383,17.68000030517578,17.68000030517578,17.68000030517578,100
16.6200008392334,16.6200008392334,16.6200008392334,16.6200008392334,16.6200008392334,200
17.020000457763672,17.020000457763672,16.850000381469727,16.850000381469727,16.850000381469727,1200
16.6299991607666,16.6299991607666,16.6299991607666,16.6299991607666,16.6299991607666,800
16.329999923706055,16.329999923706055,16.329999923706055,16.329999923706055,16.329999923706055,800
15.649999618530273,15.890000343322754,15.649999618530273,15.890000343322754,15.890000343322754,300
15.760000228881836,15.979999542236328,15.760000228881836,15.979999542236328,15.979999542236328,100
16.34000015258789,16.350000381469727,16.34000015258789,16.350000381469727,16.350000381469727,100
16.34000015258789,16.350000381469727,16.34000015258789,16.350000381469727,16.350000381469727,100
16.469999313354492,17.209999084472656,16.469999313354492,17.209999084472656,17.209999084472656,1100
16.639999389648438,16.639999389648438,16.639999389648438,16.639999389648438,16.639999389648438,200
16.329999923706055,16.43000030517578,16.329999923706055,16.43000030517578,16.43000030517578,200
16.43000030517578,16.43000030517578,16.43000030517578,16.43000030517578,16.43000030517578,0
16.799999237060547,16.799999237060547,16.799999237060547,16.799999237060547,16.799999237060547,0
16.809999465942383,16.809999465942383,16.809999465942383,16.809999465942383,16.809999465942383,100
16.799999237060547,16.84000015258789,16.799999237060547,16.84000015258789,16.84000015258789,300
16.719999313354492,16.760000228881836,16.719999313354492,16.760000228881836,16.760000228881836,100
16.290000915527344,16.290000915527344,16.290000915527344,16.290000915527344,16.290000915527344,100
16.290000915527344,16.290000915527344,16.290000915527344,16.290000915527344,16.290000915527344,100
16.459999084472656,16.600000381469727,16.350000381469727,16.600000381469727,16.600000381469727,900
16.920000076293945,16.920000076293945,16.920000076293945,16.920000076293945,16.920000076293945,200
16.969999313354492,17.049999237060547,16.90999984741211,17.049999237060547,17.049999237060547,2500
16.719999313354492,16.719999313354492,16.59000015258789,16.59000015258789,16.59000015258789,1000
16.15999984741211,16.329999923706055,16.15999984741211,16.329999923706055,16.329999923706055,200
17.040000915527344,17.040000915527344,17.040000915527344,17.040000915527344,17.040000915527344,100
17.280000686645508,17.399999618530273,16.989999771118164,16.989999771118164,16.989999771118164,300
17.149999618530273,17.149999618530273,17.149999618530273,17.149999618530273,17.149999618530273,100
17.56999969482422,17.56999969482422,17.56999969482422,17.56999969482422,17.56999969482422,100
17.510000228881836,17.510000228881836,17.43000030517578,17.43000030517578,17.43000030517578,200
17.010000228881836,17.010000228881836,17.010000228881836,17.010000228881836,17.010000228881836,100
16.780000686645508,16.780000686645508,16.780000686645508,16.780000686645508,16.780000686645508,0
16.719999313354492,16.739999771118164,16.719999313354492,16.729999542236328,16.729999542236328,1000
17.809999465942383,18.420000076293945,17.809999465942383,18.079999923706055,18.079999923706055,2900
17.56999969482422,17.850000381469727,17.489999771118164,17.510000228881836,17.510000228881836,2300
17.43000030517578,17.440000534057617,17.399999618530273,17.440000534057617,17.440000534057617,300
17.6299991607666,17.6299991607666,17.600000381469727,17.600000381469727,17.600000381469727,100
17.65999984741211,17.65999984741211,17.65999984741211,17.65999984741211,17.65999984741211,100
17.579999923706055,17.68000030517578,17.579999923706055,17.68000030517578,17.68000030517578,300
17.299999237060547,17.299999237060547,17.209999084472656,17.209999084472656,17.209999084472656,400
16.8799991607666,17.1299991607666,16.8799991607666,17.1299991607666,17.1299991607666,300
16.899999618530273,17.110000610351562,16.899999618530273,17.110000610351562,17.110000610351562,100
17.030000686645508,17.030000686645508,16.959999084472656,16.959999084472656,16.959999084472656,100
16.68000030517578,16.68000030517578,16.489999771118164,16.520000457763672,16.520000457763672,500
16.459999084472656,16.459999084472656,16.3799991607666,16.3799991607666,16.3799991607666,200
15.979999542236328,16.06999969482422,15.979999542236328,16.06999969482422,16.06999969482422,100
15.84000015258789,16.059999465942383,15.84000015258789,16.020000457763672,16.020000457763672,200
16.020000457763672,16.020000457763672,16.020000457763672,16.020000457763672,16.020000457763672,0
16.020000457763672,16.020000457763672,16.020000457763672,16.020000457763672,16.020000457763672,0
16.200000762939453,16.200000762939453,16.09000015258789,16.09000015258789,16.09000015258789,1400
16.34000015258789,16.34000015258789,16.25,16.25,16.25,300
16.399999618530273,16.56999969482422,16.399999618530273,16.559999465942383,16.559999465942383,500
16.93000030517578,16.93000030517578,16.93000030517578,16.93000030517578,16.93000030517578,100
16.510000228881836,16.6200008392334,16.479999542236328,16.6200008392334,16.6200008392334,200
16.6200008392334,16.6200008392334,16.6200008392334,16.6200008392334,16.6200008392334,0
16.6200008392334,16.6200008392334,16.6200008392334,16.6200008392334,16.6200008392334,0
16.75,16.75,16.729999542236328,16.729999542236328,16.729999542236328,300
16.729999542236328,16.729999542236328,16.729999542236328,16.729999542236328,16.729999542236328,0
16.6200008392334,16.6200008392334,16.6200008392334,16.6200008392334,16.6200008392334,100
16.799999237060547,16.799999237060547,16.799999237060547,16.799999237060547,16.799999237060547,100
16.799999237060547,16.799999237060547,16.799999237060547,16.799999237060547,16.799999237060547,0
16.799999237060547,16.799999237060547,16.799999237060547,16.799999237060547,16.799999237060547,0
16.799999237060547,16.799999237060547,16.799999237060547,16.799999237060547,16.799999237060547,0
16.799999237060547,16.799999237060547,16.799999237060547,16.799999237060547,16.799999237060547,0
16.799999237060547,16.799999237060547,16.799999237060547,16.799999237060547,16.799999237060547,0
17.270000457763672,17.270000457763672,17.0,17.0,17.0,100
17.0,17.0,17.0,17.0,17.0,0
17.0,17.0,17.0,17.0,17.0,0
17.65999984741211,17.65999984741211,17.520000457763672,17.520000457763672,17.520000457763672,600
17.520000457763672,17.520000457763672,17.520000457763672,17.520000457763672,17.520000457763672,0
17.520000457763672,17.520000457763672,17.520000457763672,17.520000457763672,17.520000457763672,0
17.600000381469727,17.600000381469727,17.559999465942383,17.559999465942383,17.559999465942383,100
17.559999465942383,17.559999465942383,17.559999465942383,17.559999465942383,17.559999465942383,0
17.670000076293945,17.670000076293945,17.639999389648438,17.639999389648438,17.639999389648438,100
17.65999984741211,17.65999984741211,17.6299991607666,17.6299991607666,17.6299991607666,400
17.6299991607666,17.6299991607666,17.6299991607666,17.6299991607666,17.6299991607666,0
17.850000381469727,17.850000381469727,17.649999618530273,17.649999618530273,17.649999618530273,200
17.899999618530273,17.90999984741211,17.899999618530273,17.90999984741211,17.90999984741211,100
17.6299991607666,17.6299991607666,17.6200008392334,17.6200008392334,17.6200008392334,400
17.34000015258789,17.34000015258789,17.15999984741211,17.15999984741211,17.15999984741211,200
17.440000534057617,17.65999984741211,17.440000534057617,17.65999984741211,17.65999984741211,100
17.969999313354492,18.049999237060547,17.969999313354492,18.049999237060547,18.049999237060547,200
18.049999237060547,18.049999237060547,18.049999237060547,18.049999237060547,18.049999237060547,0
17.979999542236328,17.979999542236328,17.979999542236328,17.979999542236328,17.979999542236328,100
17.979999542236328,17.979999542236328,17.979999542236328,17.979999542236328,17.979999542236328,0
17.979999542236328,18.020000457763672,17.979999542236328,18.020000457763672,18.020000457763672,1200
17.56999969482422,17.56999969482422,17.260000228881836,17.260000228881836,17.260000228881836,200
17.260000228881836,17.260000228881836,17.260000228881836,17.260000228881836,17.260000228881836,0
17.43000030517578,17.469999313354492,17.43000030517578,17.469999313354492,17.469999313354492,500
17.969999313354492,18.149999618530273,17.969999313354492,18.100000381469727,18.100000381469727,5200
18.06999969482422,18.110000610351562,18.06999969482422,18.110000610351562,18.110000610351562,100
18.100000381469727,18.450000762939453,18.100000381469727,18.290000915527344,18.290000915527344,2800
18.239999771118164,18.280000686645508,18.239999771118164,18.280000686645508,18.280000686645508,200
18.360000610351562,18.389999389648438,18.360000610351562,18.389999389648438,18.389999389648438,100
18.219999313354492,18.25,18.219999313354492,18.25,18.25,200
18.31999969482422,18.399999618530273,18.31999969482422,18.399999618530273,18.399999618530273,200
18.520000457763672,18.520000457763672,18.520000457763672,18.520000457763672,18.520000457763672,100
18.68000030517578,18.68000030517578,18.68000030517578,18.68000030517578,18.68000030517578,100
18.8700008392334,18.8700008392334,18.8700008392334,18.8700008392334,18.8700008392334,100
18.75,18.90999984741211,18.75,18.90999984741211,18.90999984741211,200
18.979999542236328,18.979999542236328,18.969999313354492,18.969999313354492,18.969999313354492,1700
18.81999969482422,18.81999969482422,18.809999465942383,18.809999465942383,18.809999465942383,300
18.93000030517578,18.93000030517578,18.93000030517578,18.93000030517578,18.93000030517578,100
18.959999084472656,19.020000457763672,18.959999084472656,19.020000457763672,19.020000457763672,200
19.209999084472656,19.209999084472656,19.18000030517578,19.18000030517578,19.18000030517578,300
19.219999313354492,19.219999313354492,19.219999313354492,19.219999313354492,19.219999313354492,100
19.18000030517578,19.18000030517578,19.18000030517578,19.18000030517578,19.18000030517578,100
18.950000762939453,19.020000457763672,18.950000762939453,19.020000457763672,19.020000457763672,1100
19.0,19.059999465942383,18.969999313354492,19.059999465942383,19.059999465942383,500
19.6200008392334,19.6200008392334,19.6200008392334,19.6200008392334,19.6200008392334,100
19.75,19.75,19.549999237060547,19.549999237060547,19.549999237060547,400
19.530000686645508,19.530000686645508,19.530000686645508,19.530000686645508,19.530000686645508,100
18.68000030517578,18.829999923706055,18.68000030517578,18.829999923706055,18.829999923706055,900
18.829999923706055,18.829999923706055,18.829999923706055,18.829999923706055,18.829999923706055,0
18.520000457763672,18.540000915527344,18.520000457763672,18.540000915527344,18.540000915527344,300
18.25,18.25,18.25,18.25,18.25,100
18.3799991607666,18.3799991607666,18.3799991607666,18.3799991607666,18.3799991607666,100
18.3799991607666,18.3799991607666,18.3799991607666,18.3799991607666,18.3799991607666,0
18.299999237060547,18.360000610351562,18.299999237060547,18.360000610351562,18.360000610351562,500
18.3799991607666,18.43000030517578,18.360000610351562,18.43000030517578,18.43000030517578,800
18.3700008392334,18.399999618530273,18.34000015258789,18.34000015258789,18.34000015258789,1300
17.889999389648438,17.889999389648438,17.889999389648438,17.889999389648438,17.889999389648438,100
17.5,17.559999465942383,17.5,17.559999465942383,17.559999465942383,100
17.170000076293945,17.170000076293945,17.170000076293945,17.170000076293945,17.170000076293945,100
16.75,16.75,16.75,16.75,16.75,100
16.950000762939453,16.950000762939453,16.93000030517578,16.950000762939453,16.950000762939453,400
16.920000076293945,16.920000076293945,16.860000610351562,16.860000610351562,16.860000610351562,600
16.6299991607666,16.760000228881836,16.6299991607666,16.760000228881836,16.760000228881836,100
16.479999542236328,16.479999542236328,16.469999313354492,16.469999313354492,16.469999313354492,100
16.399999618530273,16.40999984741211,16.030000686645508,16.030000686645508,16.030000686645508,900
15.989999771118164,15.989999771118164,15.949999809265137,15.949999809265137,15.949999809265137,1100
16.530000686645508,16.530000686645508,16.290000915527344,16.360000610351562,16.360000610351562,300
16.299999237060547,16.399999618530273,16.299999237060547,16.399999618530273,16.399999618530273,100
16.209999084472656,16.209999084472656,16.209999084472656,16.209999084472656,16.209999084472656,300000
15.989999771118164,15.989999771118164,15.949999809265137,15.949999809265137,15.949999809265137,300
16.1200008392334,16.1200008392334,16.110000610351562,16.110000610351562,16.110000610351562,500
16.530000686645508,16.559999465942383,16.450000762939453,16.559999465942383,16.559999465942383,24900
16.59000015258789,16.600000381469727,16.520000457763672,16.59000015258789,16.59000015258789,500
16.729999542236328,16.729999542236328,16.610000610351562,16.719999313354492,16.719999313354492,2300
18.34000015258789,18.34000015258789,16.5,16.739999771118164,16.739999771118164,2700
16.860000610351562,17.100000381469727,16.860000610351562,17.030000686645508,17.030000686645508,600
17.100000381469727,17.100000381469727,17.100000381469727,17.100000381469727,17.100000381469727,0
16.81999969482422,16.920000076293945,16.81999969482422,16.920000076293945,16.920000076293945,800
16.31999969482422,16.31999969482422,16.31999969482422,16.31999969482422,16.31999969482422,2800
16.290000915527344,16.290000915527344,15.819999694824219,15.819999694824219,15.819999694824219,1900
15.510000228881836,15.510000228881836,15.510000228881836,15.510000228881836,15.510000228881836,100
14.970000267028809,14.970000267028809,14.970000267028809,14.970000267028809,14.970000267028809,100
14.399999618530273,14.420000076293945,14.399999618530273,14.420000076293945,14.420000076293945,800
14.670000076293945,15.079999923706055,14.670000076293945,15.079999923706055,15.079999923706055,2500
15.149999618530273,15.210000038146973,14.859999656677246,15.039999961853027,15.039999961853027,3200
15.34000015258789,15.34000015258789,15.050000190734863,15.050000190734863,15.050000190734863,1200
14.930000305175781,14.930000305175781,14.670000076293945,14.670000076293945,14.670000076293945,301100
14.119999885559082,14.119999885559082,13.279999732971191,13.399999618530273,13.399999618530273,1500
10.829999923706055,11.949999809265137,10.1899995803833,10.319999694824219,10.319999694824219,18700
11.119999885559082,12.0,10.890000343322754,11.3100004196167,11.3100004196167,24700
11.140000343322754,11.170000076293945,10.9399995803833,10.9399995803833,10.9399995803833,7100
10.399999618530273,10.600000381469727,9.880000114440918,10.430000305175781,10.430000305175781,3600
10.90999984741211,10.920000076293945,10.649999618530273,10.920000076293945,10.920000076293945,500
10.979999542236328,10.979999542236328,9.710000038146973,9.739999771118164,9.739999771118164,4400
9.699999809265137,9.699999809265137,9.350000381469727,9.350000381469727,9.350000381469727,2700
8.8100004196167,8.8100004196167,8.0,8.359999656677246,8.359999656677246,6800
8.4399995803833,9.40999984741211,8.4399995803833,9.260000228881836,9.260000228881836,1600
9.520000457763672,9.75,8.729999542236328,8.920000076293945,8.920000076293945,8500
8.920000076293945,8.920000076293945,8.15999984741211,8.15999984741211,8.15999984741211,4700
8.970000267028809,9.119999885559082,8.960000038146973,9.119999885559082,9.119999885559082,1900
9.350000381469727,9.609999656677246,9.350000381469727,9.59000015258789,9.59000015258789,1300
9.579999923706055,9.739999771118164,9.210000038146973,9.40999984741211,9.40999984741211,12200
9.449999809265137,9.729999542236328,9.399999618530273,9.399999618530273,9.399999618530273,2700
9.6899995803833,9.75,9.399999618530273,9.40999984741211,9.40999984741211,1000
9.699999809265137,9.699999809265137,9.350000381469727,9.350000381469727,9.350000381469727,1200
9.369999885559082,9.6899995803833,9.0,9.0,9.0,1700
9.75,10.84000015258789,9.319999694824219,9.800000190734863,9.800000190734863,7000
10.109999656677246,11.359999656677246,10.020000457763672,10.229999542236328,10.229999542236328,3300
10.510000228881836,10.510000228881836,10.1899995803833,10.380000114440918,10.380000114440918,5300
10.640000343322754,11.649999618530273,10.399999618530273,10.510000228881836,10.510000228881836,64700
10.470000267028809,11.5600004196167,10.40999984741211,10.40999984741211,10.40999984741211,2800
10.979999542236328,10.979999542236328,10.020000457763672,10.399999618530273,10.399999618530273,77600
11.029999732971191,11.029999732971191,10.649999618530273,10.800000190734863,10.800000190734863,4700
10.800000190734863,10.800000190734863,10.609999656677246,10.6899995803833,10.6899995803833,5300
10.3100004196167,10.319999694824219,10.010000228881836,10.079999923706055,10.079999923706055,2100
10.0,10.0,9.65999984741211,9.949999809265137,9.949999809265137,7300
9.989999771118164,9.989999771118164,9.90999984741211,9.90999984741211,9.90999984741211,1400
9.510000228881836,9.649999618530273,9.199999809265137,9.520000457763672,9.520000457763672,396500
9.460000038146973,10.199999809265137,7.170000076293945,7.670000076293945,7.670000076293945,47100
8.289999961853027,8.300000190734863,7.980000019073486,8.050000190734863,8.050000190734863,34100
8.579999923706055,8.579999923706055,8.0,8.1899995803833,8.1899995803833,11400
8.239999771118164,8.239999771118164,8.0600004196167,8.109999656677246,8.109999656677246,7800
8.34000015258789,8.34000015258789,7.329999923706055,7.460000038146973,7.460000038146973,19000
7.519999980926514,7.739999771118164,7.360000133514404,7.46999979019165,7.46999979019165,6300
8.0,8.59000015258789,7.539999961853027,7.829999923706055,7.829999923706055,21900
8.170000076293945,8.680000305175781,7.75,8.359999656677246,8.359999656677246,24100
8.479999542236328,8.479999542236328,7.849999904632568,8.119999885559082,8.119999885559082,19100
8.489999771118164,8.489999771118164,8.140000343322754,8.369999885559082,8.369999885559082,5100
8.680000305175781,9.149999618530273,8.600000381469727,9.149999618530273,9.149999618530273,9200
9.149999618530273,9.15999984741211,8.600000381469727,8.880000114440918,8.880000114440918,6500
9.15999984741211,9.470000267028809,8.59000015258789,8.59000015258789,8.59000015258789,7500
8.90999984741211,9.369999885559082,8.710000038146973,9.199999809265137,9.199999809265137,4200
9.09000015258789,9.3100004196167,8.8100004196167,8.899999618530273,8.899999618530273,6900
9.0,9.0,8.789999961853027,8.789999961853027,8.789999961853027,700
9.010000228881836,9.010000228881836,8.600000381469727,8.600000381469727,8.600000381469727,900
8.989999771118164,9.0600004196167,8.739999771118164,9.029999732971191,9.029999732971191,4100
9.199999809265137,9.25,9.079999923706055,9.239999771118164,9.239999771118164,12600
10.079999923706055,10.680000305175781,10.029999732971191,10.140000343322754,10.140000343322754,33400
10.140000343322754,10.199999809265137,10.029999732971191,10.050000190734863,10.050000190734863,18000
10.460000038146973,10.579999923706055,10.359999656677246,10.520000457763672,10.520000457763672,55500
10.960000038146973,10.960000038146973,10.550000190734863,10.699999809265137,10.699999809265137,25400
10.5600004196167,10.5600004196167,10.210000038146973,10.489999771118164,10.489999771118164,26300
10.720000267028809,10.789999961853027,10.609999656677246,10.729999542236328,10.729999542236328,17300
10.619999885559082,10.619999885559082,10.279999732971191,10.369999885559082,10.369999885559082,7800
10.239999771118164,10.579999923706055,10.239999771118164,10.449999809265137,10.449999809265137,18300
10.449999809265137,10.979999542236328,10.449999809265137,10.949999809265137,10.949999809265137,2600
10.869999885559082,11.09000015258789,10.0600004196167,10.0600004196167,10.0600004196167,56200
11.119999885559082,11.520000457763672,11.109999656677246,11.420000076293945,11.420000076293945,131700
11.5,11.5,11.119999885559082,11.329999923706055,11.329999923706055,53400
11.579999923706055,11.600000381469727,11.149999618530273,11.489999771118164,11.489999771118164,40500
11.989999771118164,12.329999923706055,11.989999771118164,12.1899995803833,12.1899995803833,6300
12.010000228881836,12.010000228881836,11.779999732971191,11.850000381469727,11.850000381469727,5000
11.670000076293945,12.010000228881836,11.649999618530273,12.010000228881836,12.010000228881836,6800
11.75,12.020000457763672,11.75,12.020000457763672,12.020000457763672,2300
11.510000228881836,11.510000228881836,11.010000228881836,11.130000114440918,11.130000114440918,19900
11.130000114440918,11.359999656677246,11.09000015258789,11.329999923706055,11.329999923706055,7900
11.380000114440918,11.579999923706055,11.34000015258789,11.5600004196167,11.5600004196167,3900
11.899999618530273,12.09000015258789,11.609999656677246,11.789999961853027,11.789999961853027,12600
11.8100004196167,11.819999694824219,11.699999809265137,11.699999809265137,11.699999809265137,1000
11.609999656677246,11.949999809265137,11.609999656677246,11.949999809265137,11.949999809265137,2300
12.380000114440918,12.390000343322754,12.029999732971191,12.149999618530273,12.149999618530273,2800
12.199999809265137,12.420000076293945,12.1899995803833,12.399999618530273,12.399999618530273,4200
12.520000457763672,12.520000457763672,12.359999656677246,12.359999656677246,12.359999656677246,1300
12.300000190734863,12.300000190734863,11.619999885559082,11.619999885559082,11.619999885559082,2900
11.600000381469727,12.010000228881836,11.600000381469727,12.010000228881836,12.010000228881836,1400
11.989999771118164,11.989999771118164,11.75,11.75,11.75,3600
11.920000076293945,12.119999885559082,11.920000076293945,12.119999885559082,12.119999885559082,400
12.0,12.180000305175781,12.0,12.09000015258789,12.09000015258789,1400
12.170000076293945,12.199999809265137,12.149999618530273,12.15999984741211,12.15999984741211,900
12.350000381469727,12.350000381469727,12.270000457763672,12.3100004196167,12.3100004196167,5500
12.359999656677246,12.520000457763672,12.350000381469727,12.460000038146973,12.460000038146973,3200
12.470000267028809,12.550000190734863,12.380000114440918,12.380000114440918,12.380000114440918,1100
12.479999542236328,12.569999694824219,12.479999542236328,12.569999694824219,12.569999694824219,700
12.569999694824219,12.569999694824219,12.140000343322754,12.140000343322754,12.140000343322754,500
12.149999618530273,12.399999618530273,12.149999618530273,12.399999618530273,12.399999618530273,3300
12.369999885559082,12.369999885559082,12.15999984741211,12.199999809265137,12.199999809265137,500
12.210000038146973,12.329999923706055,12.210000038146973,12.329999923706055,12.329999923706055,400
12.40999984741211,12.619999885559082,12.40999984741211,12.600000381469727,12.600000381469727,3100
12.520000457763672,12.569999694824219,12.4399995803833,12.4399995803833,12.4399995803833,2400
12.420000076293945,12.470000267028809,12.420000076293945,12.460000038146973,12.460000038146973,500
12.359999656677246,12.479999542236328,12.359999656677246,12.460000038146973,12.460000038146973,2900
12.800000190734863,12.800000190734863,12.75,12.779999732971191,12.779999732971191,1000
12.789999961853027,12.789999961853027,12.789999961853027,12.789999961853027,12.789999961853027,200
12.760000228881836,12.779999732971191,12.529999732971191,12.619999885559082,12.619999885559082,5600
12.630000114440918,12.630000114440918,12.630000114440918,12.630000114440918,12.630000114440918,100
12.449999809265137,12.770000457763672,12.449999809265137,12.770000457763672,12.770000457763672,900
12.5600004196167,12.579999923706055,12.5600004196167,12.579999923706055,12.579999923706055,300
12.649999618530273,12.75,12.630000114440918,12.6899995803833,12.6899995803833,7300
12.510000228881836,12.510000228881836,12.239999771118164,12.40999984741211,12.40999984741211,6800
12.550000190734863,12.550000190734863,12.319999694824219,12.520000457763672,12.520000457763672,3200
12.59000015258789,12.770000457763672,12.529999732971191,12.630000114440918,12.630000114440918,3700
12.619999885559082,12.90999984741211,12.550000190734863,12.829999923706055,12.829999923706055,15500
13.170000076293945,13.350000381469727,12.970000267028809,13.029999732971191,13.029999732971191,5000
13.130000114440918,13.140000343322754,12.949999809265137,13.0,13.0,10200
12.850000381469727,12.850000381469727,12.729999542236328,12.75,12.75,2100
13.029999732971191,13.0600004196167,12.90999984741211,12.9399995803833,12.9399995803833,8700
13.210000038146973,13.210000038146973,12.739999771118164,12.84000015258789,12.84000015258789,8200
12.979999542236328,13.130000114440918,12.930000305175781,13.109999656677246,13.109999656677246,15100
13.140000343322754,13.149999618530273,13.020000457763672,13.09000015258789,13.09000015258789,5600
13.010000228881836,13.029999732971191,12.90999984741211,12.9399995803833,12.9399995803833,2200
13.050000190734863,13.34000015258789,13.050000190734863,13.25,13.25,13600
13.130000114440918,13.220000267028809,13.0600004196167,13.180000305175781,13.180000305175781,15000
13.210000038146973,13.210000038146973,13.050000190734863,13.210000038146973,13.210000038146973,3200
12.890000343322754,13.09000015258789,12.770000457763672,13.09000015258789,13.09000015258789,3100
12.729999542236328,12.9399995803833,12.729999542236328,12.90999984741211,12.90999984741211,700
12.970000267028809,13.109999656677246,12.970000267028809,13.050000190734863,13.050000190734863,8000
13.300000190734863,13.329999923706055,13.130000114440918,13.319999694824219,13.319999694824219,3400
13.399999618530273,13.399999618530273,13.270000457763672,13.270000457763672,13.270000457763672,14000
13.34000015258789,13.34000015258789,12.949999809265137,13.109999656677246,13.109999656677246,5700
13.119999885559082,13.119999885559082,13.050000190734863,13.119999885559082,13.119999885559082,1900
13.149999618530273,13.229999542236328,13.069999694824219,13.069999694824219,13.069999694824219,4800
13.109999656677246,13.199999809265137,13.039999961853027,13.149999618530273,13.149999618530273,4200
13.1899995803833,13.1899995803833,12.630000114440918,12.760000228881836,12.760000228881836,6600
12.600000381469727,12.800000190734863,12.479999542236328,12.710000038146973,12.710000038146973,11600
12.710000038146973,12.710000038146973,12.210000038146973,12.210000038146973,12.210000038146973,6700
11.4399995803833,11.539999961853027,11.350000381469727,11.430000305175781,11.430000305175781,15000
11.430000305175781,11.899999618530273,11.430000305175781,11.75,11.75,14900
11.59000015258789,11.710000038146973,11.5,11.5,11.5,5000
11.529999732971191,11.619999885559082,11.5,11.600000381469727,11.600000381469727,3700
11.5,11.5600004196167,11.430000305175781,11.539999961853027,11.539999961853027,13900
11.520000457763672,11.8100004196167,11.520000457763672,11.75,11.75,2500
12.149999618530273,12.25,11.989999771118164,12.229999542236328,12.229999542236328,6900
12.109999656677246,12.520000457763672,12.109999656677246,12.460000038146973,12.460000038146973,22100
12.430000305175781,12.529999732971191,12.390000343322754,12.399999618530273,12.399999618530273,13200
12.1899995803833,12.25,11.829999923706055,12.050000190734863,12.050000190734863,14800
12.0600004196167,12.15999984741211,11.949999809265137,12.020000457763672,12.020000457763672,7000
12.069999694824219,12.260000228881836,11.949999809265137,11.949999809265137,11.949999809265137,3400
11.989999771118164,12.149999618530273,11.989999771118164,12.130000114440918,12.130000114440918,13900
12.130000114440918,12.130000114440918,12.050000190734863,12.050000190734863,12.050000190734863,2000
12.170000076293945,12.239999771118164,12.130000114440918,12.15999984741211,12.15999984741211,5500
11.899999618530273,11.899999618530273,11.609999656677246,11.779999732971191,11.779999732971191,2800
11.979999542236328,12.079999923706055,11.960000038146973,12.050000190734863,12.050000190734863,2600
11.789999961853027,11.800000190734863,11.430000305175781,11.699999809265137,11.699999809265137,8300
11.220000267028809,11.420000076293945,11.180000305175781,11.289999961853027,11.289999961853027,15600
11.920000076293945,12.020000457763672,11.6899995803833,11.989999771118164,11.989999771118164,18100
12.3100004196167,12.34000015258789,12.130000114440918,12.130000114440918,12.130000114440918,19600
12.029999732971191,12.09000015258789,11.890000343322754,12.09000015258789,12.09000015258789,6900
12.329999923706055,12.470000267028809,12.329999923706055,12.470000267028809,12.470000267028809,4000
12.350000381469727,12.359999656677246,12.1899995803833,12.229999542236328,12.229999542236328,2100
12.149999618530273,12.149999618530273,11.8100004196167,11.960000038146973,11.960000038146973,5100
12.149999618530273,12.149999618530273,12.149999618530273,12.149999618530273,12.149999618530273,400
12.25,12.350000381469727,12.25,12.319999694824219,12.319999694824219,7200
11.90999984741211,12.3100004196167,11.90999984741211,12.3100004196167,12.3100004196167,2400
12.260000228881836,12.279999732971191,12.220000267028809,12.229999542236328,12.229999542236328,1200
12.25,12.300000190734863,12.210000038146973,12.210000038146973,12.210000038146973,3500
12.15999984741211,12.380000114440918,12.15999984741211,12.380000114440918,12.380000114440918,1300
12.220000267028809,12.220000267028809,11.960000038146973,11.979999542236328,11.979999542236328,9600
12.100000381469727,12.180000305175781,12.100000381469727,12.140000343322754,12.140000343322754,500
11.920000076293945,11.920000076293945,11.859999656677246,11.869999885559082,11.869999885559082,2100
11.680000305175781,11.680000305175781,11.529999732971191,11.5600004196167,11.5600004196167,4400
11.75,11.819999694824219,11.75,11.779999732971191,11.779999732971191,1800
11.300000190734863,11.300000190734863,11.15999984741211,11.220000267028809,11.220000267028809,8800
10.6899995803833,10.970000267028809,10.579999923706055,10.9399995803833,10.9399995803833,5900
10.800000190734863,10.819999694824219,10.680000305175781,10.770000457763672,10.770000457763672,11800
10.760000228881836,11.210000038146973,10.760000228881836,11.210000038146973,11.210000038146973,700
11.479999542236328,11.5,11.350000381469727,11.399999618530273,11.399999618530273,14900
11.529999732971191,11.779999732971191,11.489999771118164,11.6899995803833,11.6899995803833,10100
11.739999771118164,11.739999771118164,11.579999923706055,11.579999923706055,11.579999923706055,1200
11.470000267028809,11.470000267028809,11.239999771118164,11.270000457763672,11.270000457763672,1200
12.25,12.260000228881836,12.0,12.0,12.0,17500
12.260000228881836,12.359999656677246,12.1899995803833,12.350000381469727,12.350000381469727,15500
12.699999809265137,12.699999809265137,12.369999885559082,12.420000076293945,12.420000076293945,15800
12.5,12.550000190734863,12.260000228881836,12.260000228881836,12.260000228881836,4900
12.119999885559082,12.119999885559082,11.970000267028809,12.0,12.0,4600
12.399999618530273,12.449999809265137,12.279999732971191,12.3100004196167,12.3100004196167,7000
12.149999618530273,12.329999923706055,12.149999618530273,12.329999923706055,12.329999923706055,5000
12.449999809265137,12.529999732971191,12.380000114440918,12.380000114440918,12.380000114440918,6400
12.359999656677246,12.4399995803833,12.300000190734863,12.40999984741211,12.40999984741211,7200
12.3100004196167,12.539999961853027,12.3100004196167,12.520000457763672,12.520000457763672,2000
12.680000305175781,12.720000267028809,12.630000114440918,12.649999618530273,12.649999618530273,10400
12.989999771118164,13.279999732971191,12.949999809265137,13.229999542236328,13.229999542236328,16000
13.4399995803833,13.59000015258789,13.350000381469727,13.470000267028809,13.470000267028809,18800
13.380000114440918,13.40999984741211,13.300000190734863,13.390000343322754,13.390000343322754,24400
13.369999885559082,13.380000114440918,13.180000305175781,13.270000457763672,13.270000457763672,4200
13.130000114440918,13.180000305175781,13.09000015258789,13.130000114440918,13.130000114440918,13200
13.109999656677246,13.449999809265137,13.109999656677246,13.279999732971191,13.279999732971191,6300
13.300000190734863,13.460000038146973,13.300000190734863,13.430000305175781,13.430000305175781,5900
13.449999809265137,13.579999923706055,13.449999809265137,13.529999732971191,13.529999732971191,27300
13.5,13.609999656677246,13.4399995803833,13.479999542236328,13.479999542236328,9500
13.430000305175781,13.460000038146973,13.329999923706055,13.460000038146973,13.460000038146973,2500
13.5600004196167,13.5600004196167,13.34000015258789,13.449999809265137,13.449999809265137,3400
13.600000381469727,14.0,13.600000381469727,13.760000228881836,13.760000228881836,17000
13.760000228881836,13.760000228881836,13.649999618530273,13.6899995803833,13.6899995803833,9900
13.65999984741211,13.800000190734863,13.470000267028809,13.779999732971191,13.779999732971191,2300
13.850000381469727,14.010000228881836,13.850000381469727,13.960000038146973,13.960000038146973,5000
13.970000267028809,14.029999732971191,13.6899995803833,14.029999732971191,14.029999732971191,1900
14.130000114440918,14.220000267028809,14.130000114440918,14.220000267028809,14.220000267028809,7700
14.3100004196167,14.399999618530273,14.300000190734863,14.34000015258789,14.34000015258789,16400
13.890000343322754,14.039999961853027,13.65999984741211,13.989999771118164,13.989999771118164,31000
13.760000228881836,13.869999885559082,13.710000038146973,13.75,13.75,3200
13.899999618530273,14.119999885559082,13.899999618530273,14.050000190734863,14.050000190734863,3800
13.960000038146973,14.079999923706055,13.960000038146973,14.079999923706055,14.079999923706055,3200
14.220000267028809,14.220000267028809,13.930000305175781,13.979999542236328,13.979999542236328,8400
14.15999984741211,14.15999984741211,14.020000457763672,14.050000190734863,14.050000190734863,10200
14.0,14.170000076293945,14.0,14.100000381469727,14.100000381469727,6800
14.0600004196167,14.15999984741211,14.0,14.130000114440918,14.130000114440918,2900
14.100000381469727,14.25,13.84000015258789,13.869999885559082,13.869999885559082,10500
14.34000015258789,14.59000015258789,14.34000015258789,14.520000457763672,14.520000457763672,22000
14.550000190734863,14.720000267028809,14.5,14.600000381469727,14.600000381469727,10700
14.729999542236328,14.779999732971191,14.6899995803833,14.779999732971191,14.779999732971191,13100
14.890000343322754,15.140000343322754,14.890000343322754,15.130000114440918,15.130000114440918,7900
14.949999809265137,15.130000114440918,14.869999885559082,15.050000190734863,15.050000190734863,15000
15.1899995803833,15.34000015258789,15.180000305175781,15.329999923706055,15.329999923706055,21400
15.319999694824219,15.380000114440918,15.1899995803833,15.3100004196167,15.3100004196167,12400
15.289999961853027,15.5,15.239999771118164,15.489999771118164,15.489999771118164,7400
15.25,15.300000190734863,15.0,15.079999923706055,15.079999923706055,11500
15.3100004196167,15.319999694824219,15.1899995803833,15.289999961853027,15.289999961853027,28500
15.489999771118164,15.489999771118164,15.289999961853027,15.3100004196167,15.3100004196167,13300
15.329999923706055,15.359999656677246,15.229999542236328,15.289999961853027,15.289999961853027,18100
14.979999542236328,15.1899995803833,14.869999885559082,15.069999694824219,15.069999694824219,21300
15.039999961853027,15.229999542236328,14.960000038146973,15.229999542236328,15.229999542236328,14900
15.300000190734863,15.300000190734863,15.130000114440918,15.15999984741211,15.15999984741211,9500
15.149999618530273,15.319999694824219,15.0,15.149999618530273,15.149999618530273,15200
15.390000343322754,15.399999618530273,15.039999961853027,15.069999694824219,15.069999694824219,11900
15.260000228881836,15.270000457763672,15.029999732971191,15.039999961853027,15.039999961853027,18200
15.300000190734863,15.4399995803833,15.100000381469727,15.4399995803833,15.4399995803833,17900
15.760000228881836,15.829999923706055,15.710000038146973,15.739999771118164,15.739999771118164,19100
15.90999984741211,16.1200008392334,15.90999984741211,16.020000457763672,16.020000457763672,23600
16.1200008392334,16.209999084472656,15.920000076293945,16.15999984741211,16.15999984741211,22400
16.420000076293945,16.420000076293945,16.270000457763672,16.329999923706055,16.329999923706055,19700
16.489999771118164,16.670000076293945,16.489999771118164,16.65999984741211,16.65999984741211,35100
16.579999923706055,16.770000457763672,16.520000457763672,16.760000228881836,16.760000228881836,132400
16.81999969482422,16.899999618530273,16.729999542236328,16.829999923706055,16.829999923706055,113500
16.850000381469727,16.860000610351562,16.610000610351562,16.670000076293945,16.670000076293945,29200
16.6200008392334,17.149999618530273,16.6200008392334,17.079999923706055,17.079999923706055,40200
17.239999771118164,17.350000381469727,17.110000610351562,17.350000381469727,17.350000381469727,73900
17.270000457763672,17.530000686645508,17.18000030517578,17.530000686645508,17.530000686645508,24000
17.600000381469727,17.600000381469727,17.170000076293945,17.229999542236328,17.229999542236328,44500
17.270000457763672,17.299999237060547,16.940000534057617,16.989999771118164,16.989999771118164,27200
17.309999465942383,17.709999084472656,17.309999465942383,17.6299991607666,17.6299991607666,84200
17.6299991607666,17.8700008392334,17.420000076293945,17.81999969482422,17.81999969482422,57600
18.0,18.280000686645508,17.8799991607666,18.200000762939453,18.200000762939453,47700
18.100000381469727,18.25,18.049999237060547,18.18000030517578,18.18000030517578,37900
18.059999465942383,18.059999465942383,17.649999618530273,17.670000076293945,17.670000076293945,26900
17.809999465942383,17.809999465942383,17.270000457763672,17.360000610351562,17.360000610351562,59500
17.579999923706055,17.579999923706055,17.15999984741211,17.15999984741211,17.15999984741211,21100
17.440000534057617,17.799999237060547,17.440000534057617,17.639999389648438,17.639999389648438,42900
17.950000762939453,18.6200008392334,17.770000457763672,18.469999313354492,18.469999313354492,69600
18.899999618530273,19.079999923706055,18.81999969482422,19.06999969482422,19.06999969482422,81900
18.920000076293945,18.940000534057617,18.600000381469727,18.68000030517578,18.68000030517578,78200
18.81999969482422,18.81999969482422,18.479999542236328,18.479999542236328,18.479999542236328,45900
18.510000228881836,18.799999237060547,18.389999389648438,18.739999771118164,18.739999771118164,23100
18.899999618530273,19.149999618530273,18.770000457763672,19.149999618530273,19.149999618530273,20300
19.059999465942383,19.139999389648438,18.940000534057617,19.040000915527344,19.040000915527344,22800
18.889999389648438,19.0,18.649999618530273,19.0,19.0,18800
18.75,18.90999984741211,18.6299991607666,18.81999969482422,18.81999969482422,27400
18.729999542236328,18.889999389648438,18.610000610351562,18.760000228881836,18.760000228881836,22600
18.469999313354492,18.489999771118164,17.229999542236328,17.459999084472656,17.459999084472656,73700
17.559999465942383,18.059999465942383,17.3700008392334,18.010000228881836,18.010000228881836,44700
18.1299991607666,18.149999618530273,17.950000762939453,17.950000762939453,17.950000762939453,17200
17.450000762939453,17.649999618530273,16.979999542236328,17.040000915527344,17.040000915527344,31600
17.6200008392334,18.020000457763672,17.59000015258789,17.920000076293945,17.920000076293945,22500
17.5,17.559999465942383,17.0,17.260000228881836,17.260000228881836,63400
17.940000534057617,18.020000457763672,17.809999465942383,17.90999984741211,17.90999984741211,50500
17.850000381469727,18.100000381469727,17.68000030517578,18.09000015258789,18.09000015258789,16800
17.739999771118164,17.93000030517578,17.690000534057617,17.739999771118164,17.739999771118164,7300
17.68000030517578,17.950000762939453,17.420000076293945,17.520000457763672,17.520000457763672,32400
17.8700008392334,18.18000030517578,17.540000915527344,18.110000610351562,18.110000610351562,47200
17.809999465942383,17.809999465942383,17.149999618530273,17.43000030517578,17.43000030517578,49300
17.809999465942383,17.989999771118164,17.579999923706055,17.670000076293945,17.670000076293945,35400
17.600000381469727,17.729999542236328,17.329999923706055,17.670000076293945,17.670000076293945,9900
17.610000610351562,17.670000076293945,17.520000457763672,17.670000076293945,17.670000076293945,8900
17.530000686645508,17.6299991607666,17.530000686645508,17.59000015258789,17.59000015258789,11600
17.850000381469727,17.959999084472656,17.649999618530273,17.729999542236328,17.729999542236328,24700
17.950000762939453,17.969999313354492,17.84000015258789,17.950000762939453,17.950000762939453,13200
18.190000534057617,18.75,18.190000534057617,18.6200008392334,18.6200008392334,31300
18.6200008392334,18.75,18.6200008392334,18.690000534057617,18.690000534057617,8200
18.670000076293945,18.68000030517578,18.579999923706055,18.6299991607666,18.6299991607666,5200
18.6200008392334,18.700000762939453,18.6200008392334,18.690000534057617,18.690000534057617,6500
18.690000534057617,18.729999542236328,18.190000534057617,18.420000076293945,18.420000076293945,12200
18.1200008392334,18.309999465942383,18.030000686645508,18.030000686645508,18.030000686645508,14500
18.200000762939453,18.229999542236328,18.010000228881836,18.15999984741211,18.15999984741211,4500
18.43000030517578,18.43000030517578,18.25,18.360000610351562,18.360000610351562,5700
18.1299991607666,18.360000610351562,18.09000015258789,18.309999465942383,18.309999465942383,8500
18.479999542236328,18.6299991607666,18.399999618530273,18.610000610351562,18.610000610351562,8400
18.809999465942383,18.979999542236328,18.739999771118164,18.84000015258789,18.84000015258789,23000
19.1299991607666,19.239999771118164,18.90999984741211,19.1200008392334,19.1200008392334,17400
18.799999237060547,18.799999237060547,18.59000015258789,18.719999313354492,18.719999313354492,18000
18.760000228881836,19.040000915527344,18.760000228881836,19.0,19.0,13200
19.290000915527344,19.43000030517578,19.1200008392334,19.420000076293945,19.420000076293945,37700
19.600000381469727,19.690000534057617,19.229999542236328,19.34000015258789,19.34000015258789,97800
19.450000762939453,19.450000762939453,19.1200008392334,19.25,19.25,16100
19.010000228881836,19.329999923706055,19.0,19.229999542236328,19.229999542236328,18400
19.469999313354492,19.469999313354492,19.010000228881836,19.299999237060547,19.299999237060547,48000
19.09000015258789,19.489999771118164,19.079999923706055,19.489999771118164,19.489999771118164,61600
19.559999465942383,19.81999969482422,19.549999237060547,19.579999923706055,19.579999923706055,58000
18.989999771118164,19.290000915527344,18.770000457763672,18.979999542236328,18.979999542236328,57200
19.15999984741211,19.3799991607666,19.15999984741211,19.360000610351562,19.360000610351562,25700
19.510000228881836,19.670000076293945,19.40999984741211,19.639999389648438,19.639999389648438,19500
19.579999923706055,19.6200008392334,19.200000762939453,19.479999542236328,19.479999542236328,9900
18.899999618530273,18.899999618530273,18.360000610351562,18.790000915527344,18.790000915527344,25100
18.700000762939453,18.75,18.280000686645508,18.43000030517578,18.43000030517578,36600
18.799999237060547,18.959999084472656,18.790000915527344,18.889999389648438,18.889999389648438,11800
19.219999313354492,19.559999465942383,19.139999389648438,19.520000457763672,19.520000457763672,27400
19.540000915527344,19.540000915527344,19.420000076293945,19.420000076293945,19.420000076293945,5900
19.290000915527344,19.59000015258789,19.290000915527344,19.559999465942383,19.559999465942383,10300
19.469999313354492,19.770000457763672,19.469999313354492,19.729999542236328,19.729999542236328,11100
19.799999237060547,19.799999237060547,19.559999465942383,19.700000762939453,19.700000762939453,8800
20.209999084472656,20.31999969482422,19.940000534057617,20.110000610351562,20.110000610351562,19000
20.239999771118164,20.3700008392334,20.139999389648438,20.299999237060547,20.299999237060547,38700
20.3799991607666,20.440000534057617,20.18000030517578,20.31999969482422,20.31999969482422,17800
20.6200008392334,20.6200008392334,20.399999618530273,20.5,20.5,33000
20.530000686645508,20.6200008392334,20.420000076293945,20.450000762939453,20.450000762939453,21100
20.450000762939453,20.780000686645508,20.270000457763672,20.75,20.75,29600
20.84000015258789,20.850000381469727,20.530000686645508,20.579999923706055,20.579999923706055,39500
20.850000381469727,20.8700008392334,20.290000915527344,20.790000915527344,20.790000915527344,34900
20.719999313354492,20.889999389648438,20.719999313354492,20.809999465942383,20.809999465942383,13600
20.979999542236328,21.040000915527344,20.81999969482422,20.8799991607666,20.8799991607666,34300
21.040000915527344,21.239999771118164,21.040000915527344,21.209999084472656,21.209999084472656,62700
21.149999618530273,21.389999389648438,21.0,21.110000610351562,21.110000610351562,80000
21.170000076293945,21.170000076293945,20.40999984741211,20.719999313354492,20.719999313354492,63200
20.600000381469727,20.989999771118164,20.600000381469727,20.899999618530273,20.899999618530273,46100
20.899999618530273,21.299999237060547,20.899999618530273,21.270000457763672,21.270000457763672,49700
21.270000457763672,21.3700008392334,21.229999542236328,21.34000015258789,21.34000015258789,38300
21.6200008392334,21.65999984741211,21.399999618530273,21.450000762939453,21.450000762939453,259300
21.450000762939453,21.549999237060547,21.260000228881836,21.540000915527344,21.540000915527344,38700
21.65999984741211,21.719999313354492,21.3700008392334,21.690000534057617,21.690000534057617,33000
21.700000762939453,21.700000762939453,21.329999923706055,21.3700008392334,21.3700008392334,24900
21.489999771118164,21.59000015258789,21.40999984741211,21.56999969482422,21.56999969482422,133000
21.600000381469727,21.729999542236328,21.40999984741211,21.540000915527344,21.540000915527344,15600
21.959999084472656,22.059999465942383,21.700000762939453,21.809999465942383,21.809999465942383,31700
21.84000015258789,21.989999771118164,21.68000030517578,21.969999313354492,21.969999313354492,28300
21.84000015258789,21.84000015258789,21.25,21.440000534057617,21.440000534057617,63100
21.489999771118164,21.520000457763672,20.75,20.969999313354492,20.969999313354492,35400
20.940000534057617,21.34000015258789,20.799999237060547,21.280000686645508,21.280000686645508,37700
21.43000030517578,21.780000686645508,21.43000030517578,21.709999084472656,21.709999084472656,59300
21.549999237060547,21.68000030517578,21.309999465942383,21.670000076293945,21.670000076293945,25800
21.690000534057617,22.100000381469727,21.59000015258789,22.06999969482422,22.06999969482422,22800
22.030000686645508,22.030000686645508,21.200000762939453,21.40999984741211,21.40999984741211,42900
21.229999542236328,21.440000534057617,21.1299991607666,21.1299991607666,21.1299991607666,49300
21.239999771118164,21.329999923706055,20.8700008392334,21.1299991607666,21.1299991607666,32100
20.489999771118164,20.549999237060547,19.600000381469727,19.809999465942383,19.809999465942383,127800
19.649999618530273,20.059999465942383,19.399999618530273,19.959999084472656,19.959999084472656,22200
20.360000610351562,20.850000381469727,20.360000610351562,20.809999465942383,20.809999465942383,30200
21.010000228881836,21.270000457763672,20.809999465942383,21.25,21.25,23800
21.1200008392334,21.3799991607666,21.1200008392334,21.3700008392334,21.3700008392334,20000
21.079999923706055,21.40999984741211,21.079999923706055,21.3700008392334,21.3700008392334,25200
21.290000915527344,21.440000534057617,21.1299991607666,21.239999771118164,21.239999771118164,9500
21.309999465942383,21.5,21.309999465942383,21.420000076293945,21.420000076293945,23700
21.540000915527344,21.93000030517578,21.540000915527344,21.770000457763672,21.770000457763672,14400
21.760000228881836,22.0,21.739999771118164,21.790000915527344,21.790000915527344,18400
21.739999771118164,21.81999969482422,21.020000457763672,21.200000762939453,21.200000762939453,55600
20.68000030517578,21.170000076293945,20.670000076293945,21.020000457763672,21.020000457763672,145000
20.510000228881836,20.799999237060547,20.350000381469727,20.350000381469727,20.350000381469727,36300
20.3700008392334,20.81999969482422,20.3700008392334,20.739999771118164,20.739999771118164,13100
21.010000228881836,21.010000228881836,20.479999542236328,20.6200008392334,20.6200008392334,11400
20.030000686645508,20.18000030517578,19.860000610351562,20.100000381469727,20.100000381469727,59100
20.350000381469727,20.729999542236328,20.309999465942383,20.65999984741211,20.65999984741211,19800
20.34000015258789,20.93000030517578,20.290000915527344,20.850000381469727,20.850000381469727,9300
20.799999237060547,20.940000534057617,20.690000534057617,20.760000228881836,20.760000228881836,26700
20.760000228881836,20.829999923706055,20.440000534057617,20.440000534057617,20.440000534057617,14800
19.989999771118164,20.440000534057617,19.889999389648438,20.290000915527344,20.290000915527344,31200
20.100000381469727,20.3799991607666,20.010000228881836,20.049999237060547,20.049999237060547,25500
20.139999389648438,20.229999542236328,19.520000457763672,19.559999465942383,19.559999465942383,25600
19.049999237060547,19.420000076293945,18.90999984741211,19.389999389648438,19.389999389648438,84400
18.889999389648438,19.09000015258789,18.719999313354492,18.719999313354492,18.719999313354492,25100
19.600000381469727,19.950000762939453,19.579999923706055,19.799999237060547,19.799999237060547,31300
20.100000381469727,20.559999465942383,20.100000381469727,20.540000915527344,20.540000915527344,141400
20.540000915527344,20.719999313354492,20.3799991607666,20.670000076293945,20.670000076293945,15400
20.450000762939453,20.639999389648438,20.350000381469727,20.549999237060547,20.549999237060547,58300
20.719999313354492,20.920000076293945,20.709999084472656,20.790000915527344,20.790000915527344,22500
20.850000381469727,21.0,20.670000076293945,20.940000534057617,20.940000534057617,17900
20.829999923706055,20.969999313354492,20.799999237060547,20.809999465942383,20.809999465942383,9200
20.489999771118164,20.790000915527344,20.440000534057617,20.670000076293945,20.670000076293945,122300
21.15999984741211,21.399999618530273,21.15999984741211,21.190000534057617,21.190000534057617,26000
21.229999542236328,21.270000457763672,21.0,21.0,21.0,12700
20.809999465942383,20.950000762939453,20.649999618530273,20.709999084472656,20.709999084472656,27200
21.079999923706055,21.079999923706055,20.940000534057617,21.0,21.0,23400
20.719999313354492,21.100000381469727,20.600000381469727,20.600000381469727,20.600000381469727,28400
21.170000076293945,21.260000228881836,21.049999237060547,21.100000381469727,21.100000381469727,21500
21.350000381469727,21.540000915527344,21.299999237060547,21.40999984741211,21.40999984741211,31600
21.6299991607666,21.6299991607666,21.239999771118164,21.34000015258789,21.34000015258789,28700
21.829999923706055,22.100000381469727,21.829999923706055,22.0,22.0,58700
21.969999313354492,22.030000686645508,21.639999389648438,22.0,22.0,52000
21.780000686645508,21.850000381469727,21.579999923706055,21.760000228881836,21.760000228881836,60600
21.459999084472656,21.549999237060547,21.280000686645508,21.440000534057617,21.440000534057617,41400
21.459999084472656,21.479999542236328,21.170000076293945,21.459999084472656,21.459999084472656,40000
21.799999237060547,21.940000534057617,21.739999771118164,21.920000076293945,21.920000076293945,34300
22.030000686645508,22.329999923706055,22.030000686645508,22.280000686645508,22.280000686645508,24300
22.219999313354492,22.549999237060547,22.209999084472656,22.479999542236328,22.479999542236328,31000
22.8700008392334,23.040000915527344,22.860000610351562,22.940000534057617,22.940000534057617,41700
23.219999313354492,23.239999771118164,22.690000534057617,22.780000686645508,22.780000686645508,75500
22.81999969482422,22.989999771118164,22.690000534057617,22.739999771118164,22.739999771118164,45300
22.459999084472656,23.100000381469727,22.31999969482422,22.860000610351562,22.860000610351562,109700
22.8700008392334,23.149999618530273,22.700000762939453,23.049999237060547,23.049999237060547,64600
23.40999984741211,23.8700008392334,23.40999984741211,23.68000030517578,23.68000030517578,51000
24.0,24.190000534057617,23.979999542236328,24.170000076293945,24.170000076293945,104100
23.809999465942383,23.809999465942383,23.3799991607666,23.440000534057617,23.440000534057617,60000
23.40999984741211,24.040000915527344,23.299999237060547,24.040000915527344,24.040000915527344,45100
24.239999771118164,24.440000534057617,23.899999618530273,24.1299991607666,24.1299991607666,94400
24.520000457763672,24.6200008392334,24.3700008392334,24.489999771118164,24.489999771118164,64800
24.489999771118164,24.549999237060547,24.280000686645508,24.3700008392334,24.3700008392334,50700
24.110000610351562,24.489999771118164,24.020000457763672,24.309999465942383,24.309999465942383,46700
24.639999389648438,24.709999084472656,24.420000076293945,24.6200008392334,24.6200008392334,29200
24.850000381469727,24.899999618530273,24.709999084472656,24.780000686645508,24.780000686645508,44900
25.0,25.1299991607666,24.56999969482422,24.6200008392334,24.6200008392334,65200
24.670000076293945,25.059999465942383,24.579999923706055,24.889999389648438,24.889999389648438,46100
24.709999084472656,25.15999984741211,24.610000610351562,25.149999618530273,25.149999618530273,28300
24.93000030517578,25.010000228881836,24.43000030517578,24.829999923706055,24.829999923706055,63000
24.979999542236328,25.040000915527344,24.700000762939453,24.969999313354492,24.969999313354492,31400
25.079999923706055,25.270000457763672,24.950000762939453,24.950000762939453,24.950000762939453,38900
25.1200008392334,25.299999237060547,25.040000915527344,25.200000762939453,25.200000762939453,31700
24.90999984741211,25.079999923706055,24.510000228881836,24.56999969482422,24.56999969482422,31300
24.56999969482422,24.739999771118164,24.309999465942383,24.670000076293945,24.670000076293945,47500
24.5,24.6299991607666,24.31999969482422,24.5,24.5,18500
24.799999237060547,24.8799991607666,24.700000762939453,24.780000686645508,24.780000686645508,34200
24.690000534057617,24.799999237060547,24.559999465942383,24.709999084472656,24.709999084472656,68200
24.1299991607666,24.360000610351562,23.75,23.799999237060547,23.799999237060547,187700
24.6299991607666,24.709999084472656,23.530000686645508,23.6299991607666,23.6299991607666,35900
23.93000030517578,24.450000762939453,23.799999237060547,24.399999618530273,24.399999618530273,36600
24.459999084472656,24.670000076293945,24.420000076293945,24.649999618530273,24.649999618530273,39600
24.610000610351562,24.979999542236328,24.559999465942383,24.979999542236328,24.979999542236328,162300
24.84000015258789,24.979999542236328,24.200000762939453,24.270000457763672,24.270000457763672,23500
24.389999389648438,24.479999542236328,24.06999969482422,24.260000228881836,24.260000228881836,44600
24.020000457763672,24.170000076293945,24.0,24.100000381469727,24.100000381469727,24200
23.920000076293945,24.219999313354492,23.790000915527344,24.200000762939453,24.200000762939453,77400
24.190000534057617,24.34000015258789,24.09000015258789,24.209999084472656,24.209999084472656,16700
24.06999969482422,24.06999969482422,23.469999313354492,23.700000762939453,23.700000762939453,23100
23.829999923706055,24.049999237060547,23.670000076293945,23.950000762939453,23.950000762939453,18700
23.639999389648438,23.639999389648438,23.110000610351562,23.18000030517578,23.18000030517578,32700
23.239999771118164,23.649999618530273,23.239999771118164,23.489999771118164,23.489999771118164,25900
23.8700008392334,24.290000915527344,23.8700008392334,24.219999313354492,24.219999313354492,19200
24.110000610351562,24.25,24.06999969482422,24.139999389648438,24.139999389648438,18200
22.5,22.579999923706055,21.1299991607666,21.3700008392334,21.3700008392334,158600
22.420000076293945,22.469999313354492,21.399999618530273,21.59000015258789,21.59000015258789,51100
20.940000534057617,21.049999237060547,20.040000915527344,20.559999465942383,20.559999465942383,114600
21.18000030517578,21.329999923706055,20.1299991607666,20.25,20.25,57800
20.040000915527344,21.06999969482422,19.81999969482422,20.8799991607666,20.8799991607666,127600
21.43000030517578,21.479999542236328,20.5,20.610000610351562,20.610000610351562,245600
21.139999389648438,21.780000686645508,21.030000686645508,21.75,21.75,75600
22.229999542236328,22.579999923706055,22.110000610351562,22.15999984741211,22.15999984741211,85900
22.299999237060547,22.6200008392334,22.229999542236328,22.56999969482422,22.56999969482422,45800
22.360000610351562,22.360000610351562,21.899999618530273,21.899999618530273,21.899999618530273,20800
22.200000762939453,22.420000076293945,22.059999465942383,22.420000076293945,22.420000076293945,49400
22.200000762939453,22.389999389648438,22.020000457763672,22.079999923706055,22.079999923706055,26200
21.8799991607666,21.989999771118164,21.6299991607666,21.829999923706055,21.829999923706055,33900
21.719999313354492,22.219999313354492,21.579999923706055,22.170000076293945,22.170000076293945,23400
22.229999542236328,22.549999237060547,22.079999923706055,22.270000457763672,22.270000457763672,12800
22.020000457763672,22.06999969482422,21.739999771118164,21.81999969482422,21.81999969482422,17100
21.079999923706055,21.489999771118164,20.6200008392334,21.450000762939453,21.450000762939453,114200
21.899999618530273,22.25,21.799999237060547,22.25,22.25,15700
22.139999389648438,22.65999984741211,22.09000015258789,22.65999984741211,22.65999984741211,15000
22.610000610351562,22.979999542236328,22.59000015258789,22.950000762939453,22.950000762939453,46800
22.8700008392334,23.549999237060547,22.81999969482422,23.549999237060547,23.549999237060547,32400
23.68000030517578,23.760000228881836,23.520000457763672,23.540000915527344,23.540000915527344,93400
23.450000762939453,23.959999084472656,23.450000762939453,23.700000762939453,23.700000762939453,33500
23.809999465942383,24.0,23.700000762939453,23.700000762939453,23.700000762939453,27000
